FamilyID	50390_0<1>	7539_0<2>	217634_0<3>	7048_0<4>	77166_0<5>	116153_0<6>	115357_0<7>	41139_0<8>	41895_0<9>	7070_0<10>	110193_0<11>	1629725_0<12>	166361_0<13>	224129_0<14>	7054_0<15>	<16>	<17>	<18>	<19>	<20>	<21>	<22>	<23>	<24>	<25>	<26>	<27>	<28>	<29>
10006at7041	0.00441025	0.5785	0.0561004	0.567851	0.567851	0.629592	0.545064	0.545064	0.513756	0.513756	0.660118	0.192536	0.0129558	0.173633	0.064173	N/A	0.503208	0.554025	0.512226	0.519045	0.514664	0.52749	0.528588	0.564945	0.610853	0.640587	0.53643	0.550543	0.00202142
10010at7041	0.117826	0.0426835	0.60054	0.535827	0.535827	0.629592	0.0236098	0.545064	0.0206342	0.513756	0.241028	0.192536	0.0129558	0.226315	0.00125795	N/A	0.503208	0.554025	0.512226	0.519045	0.514664	0.52749	0.528588	0.0974584	0.610853	0.640587	0.53643	0.550543	0.554328
10105at7041	3.8998e-05	0.541838	0.554667	2.42672e-05	0.535827	0.572473	0.523343	0.523343	0.50695	0.50695	0.592456	0.571531	0.571531	0.585954	0.0446375	N/A	0.501608	0.528193	0.50617	0.509662	0.507414	0.514039	0.514613	0.534207	0.560865	0.579508	0.518739	0.5263	0.528359
10127at7041	0.541838	0.0213369	0.554667	0.0182222	0.535827	0.572473	0.523343	0.523343	0.50695	0.50695	0.592456	0.105917	0.0369402	0.585954	0.0446375	N/A	0.501608	0.528193	0.50617	0.509662	0.507414	0.514039	0.514613	0.534207	0.560865	0.579508	0.518739	0.5263	0.528359
10220at7041	0.541838	0.0213369	0.554667	0.535827	0.000664983	0.000212341	0.523343	0.523343	0.50695	0.50695	0.0481298	0.571531	0.571531	0.585954	0.0446375	N/A	0.501608	0.528193	0.50617	0.509662	0.507414	0.514039	0.514613	0.534207	0.560865	0.579508	0.518739	0.5263	0.528359
10231at7041	0.0638525	0.610696	0.211192	0.145793	0.596518	0.674947	0.545064	0.545064	0.52042	0.52042	0.0456123	0.192536	0.628099	0.00101083	0.0397718	N/A	0.5048	0.577714	0.518171	0.528158	0.521753	0.540379	0.541956	0.592603	0.231188	0.687947	0.55314	0.109902	0.578131
10247at7041	0.541838	0.0213369	0.554667	0.535827	0.535827	0.572473	1.09629e-14	0.0676096	0.50695	0.50695	0.136323	0.571531	0.571531	0.585954	0.585954	N/A	0.501608	0.528193	0.50617	0.509662	0.507414	0.514039	0.514613	0.534207	0.0312956	0.579508	0.518739	0.5263	0.528359
10261at7041	0.541838	0.541838	0.554667	0.000664983	0.535827	0.572473	0.0118045	0.523343	0.513756	0.513756	0.592456	0.105917	0.571531	0.585954	0.585954	N/A	0.501608	0.528193	0.50617	0.509662	0.507414	0.514039	0.514613	0.534207	0.560865	0.0411888	0.518739	0.5263	0.528359
10268at7041	0.000912192	0.541838	0.554667	0.0182222	0.535827	0.572473	0.523343	0.523343	0.50695	0.00348711	0.592456	0.571531	0.0369402	0.585954	0.585954	N/A	0.501608	0.528193	0.50617	0.509662	0.507414	0.514039	0.514613	0.534207	0.560865	0.579508	0.518739	0.5263	0.528359
10337at7041	0.639032	0.639032	0.00578487	0.567851	0.567851	0.266757	0.12726	0.047099	0.0139452	0.0405161	0.0035218	0.41529	0.0871936	5.63289e-07	9.01113e-06	N/A	0.509531	0.00627859	0.524006	0.055699	0.521753	0.540379	0.0220691	0.139828	0.686344	0.72504	0.597966	0.630282	0.63846
10514at7041	0.105116	2.03907e-05	0.000288703	0.567851	0.567851	0.000231449	0.584131	0.0018	0.54573	0.0016083	0.0183685	0.000528144	0.673159	0.0413924	0.000479238	N/A	0.507962	0.619437	0.529734	0.545608	0.535465	0.564578	0.566989	0.000267428	0.333804	0.0791951	0.00186396	0.572908	0.620024
10559at7041	0.0426835	0.5785	0.15098	0.101823	4.17308e-06	0.194791	0.0676096	0.545064	0.50695	0.50695	0.660118	0.192536	0.628099	0.650423	0.226315	N/A	0.503208	0.554025	0.512226	0.519045	0.514664	0.52749	0.528588	0.564945	0.610853	0.211416	0.53643	0.550543	0.554328
10588at7041	0.5785	0.5785	0.15098	0.596518	0.596518	0.572473	0.000278846	0.523343	0.50695	0.50695	0.000454511	0.105917	0.571531	0.585954	0.585954	N/A	0.501608	0.528193	0.50617	0.509662	0.00372065	0.52749	0.528588	0.0347752	0.560865	0.579508	0.518739	0.5263	0.528359
10589at7041	0.0426835	0.5785	0.0561004	0.535827	0.535827	0.00421846	0.545064	0.545064	0.513756	5.84962e-09	0.241028	0.192536	0.0739673	0.0894601	0.226315	N/A	0.503208	0.554025	0.512226	0.519045	0.514664	0.52749	0.528588	0.0974584	0.610853	0.640587	0.53643	0.550543	0.554328
10590at7041	0.541838	0.541838	0.554667	0.535827	2.42672e-05	0.572473	0.523343	0.523343	0.50695	0.00348711	0.592456	0.105917	0.571531	0.0446375	0.585954	N/A	0.501608	0.528193	0.50617	0.509662	0.507414	0.514039	0.514613	0.534207	0.560865	0.579508	0.518739	0.5263	0.528359
1060at7041	0.5785	0.117826	0.0561004	0.535827	0.535827	0.629592	0.523343	0.523343	0.0206342	0.513756	0.592456	0.105917	0.571531	0.226315	0.0187504	N/A	0.503208	0.554025	0.512226	0.519045	0.514664	0.52749	0.528588	0.0974584	0.166515	0.640587	0.0546523	0.5263	0.554328
10625at7041	0.5785	0.117826	0.15098	0.567851	0.101823	0.194791	0.0676096	0.545064	0.0206342	0.513756	0.241028	0.192536	0.0739673	0.0894601	0.650423	N/A	0.503208	0.554025	0.512226	0.519045	0.514664	0.52749	0.528588	0.564945	0.610853	0.640587	0.53643	0.550543	0.554328
10674at7041	0.0426835	0.5785	0.554667	0.535827	0.535827	0.0374408	0.523343	0.523343	0.50695	0.50695	0.592456	0.571531	0.571531	0.650423	0.0187504	N/A	0.501608	0.528193	0.50617	0.509662	0.507414	0.514039	0.00735884	0.534207	0.560865	0.579508	0.518739	0.5263	0.0143744
10680at7041	0.664028	0.664028	0.0415874	0.596518	0.145793	0.674947	0.035384	0.565289	0.526947	0.00052168	0.660118	0.192536	0.0129558	0.226315	0.650423	N/A	0.503208	0.0285807	0.518171	0.528158	0.521753	0.0011631	0.566989	0.592603	0.652111	0.122632	0.53643	0.550543	0.554328
1070at7041	0.0213369	0.541838	0.554667	0.000664983	0.535827	0.572473	0.523343	0.0118045	0.50695	0.50695	0.241028	0.628099	0.628099	0.0894601	0.226315	N/A	0.503208	0.0810597	0.50617	0.509662	0.507414	0.514039	0.514613	0.534207	0.560865	0.579508	0.53643	0.550543	0.554328
10740at7041	0.541838	0.541838	0.554667	0.535827	0.535827	0.572473	0.523343	0.523343	0.50695	0.00348711	0.592456	0.571531	0.0369402	0.585954	3.25453e-05	N/A	0.501608	0.528193	0.50617	0.509662	0.507414	0.514039	0.514613	0.534207	0.560865	0.579508	0.518739	0.5263	0.528359
10778at7041	0.5785	0.117826	0.60054	0.101823	0.567851	0.194791	0.523343	0.523343	0.50695	0.50695	0.660118	0.00409085	0.628099	0.226315	0.00125795	N/A	0.503208	0.554025	0.512226	0.519045	0.514664	0.52749	0.528588	0.564945	0.166515	0.211416	0.53643	0.550543	0.554328
10780at7041	0.541838	0.0213369	0.554667	0.535827	0.000664983	0.0374408	0.523343	0.523343	0.50695	0.50695	0.592456	0.571531	0.0369402	0.585954	0.585954	N/A	0.501608	0.528193	0.50617	0.509662	0.507414	0.514039	0.514613	0.534207	0.560865	0.579508	0.518739	0.5263	0.528359
10886at7041	0.541838	0.541838	0.0561004	0.101823	0.0364496	0.194791	0.0676096	0.545064	0.00697424	0.513756	0.241028	0.192536	0.628099	0.650423	0.0894601	N/A	0.503208	0.554025	0.512226	0.519045	0.514664	0.52749	0.0428846	0.564945	0.610853	0.640587	0.53643	0.550543	0.554328
10898at7041	0.00998214	0.610696	0.60054	0.567851	9.18246e-05	0.572473	0.523343	0.523343	0.50695	0.50695	0.136323	0.00274431	0.571531	0.000361598	0.585954	N/A	0.501608	0.528193	0.50617	0.509662	0.00372065	0.52749	0.0147178	0.564945	0.560865	0.579508	0.518739	0.5263	0.528359
1097at7041	0.211884	0.0846998	0.110752	0.0545651	0.596518	0.674947	0.545064	0.545064	0.52042	0.52042	0.660118	0.628099	0.628099	2.9821e-09	0.736876	N/A	0.5048	0.577714	0.518171	0.528158	0.521753	0.0211977	0.554747	0.592603	0.231188	0.687947	0.0799818	0.550543	0.0430715
11001at7041	0.541838	0.541838	0.554667	0.0182222	0.535827	6.82988e-09	0.523343	0.523343	0.50695	0.50695	0.592456	0.571531	0.571531	0.585954	0.0446375	N/A	0.501608	0.528193	0.50617	0.509662	0.507414	0.514039	0.514613	0.534207	0.560865	0.579508	0.518739	0.5263	0.528359
11032at7041	0.541838	0.0213369	0.001577	0.535827	0.535827	0.0374408	0.523343	0.523343	0.50695	0.50695	0.592456	0.105917	0.571531	0.00401757	0.585954	N/A	0.501608	0.528193	0.50617	0.509662	0.507414	0.514039	0.514613	0.534207	0.560865	0.579508	0.518739	0.5263	0.528359
11041at7041	0.0213369	0.541838	0.554667	0.535827	0.535827	0.0374408	0.0118045	0.523343	0.00348711	0.50695	0.592456	0.571531	0.571531	0.585954	0.585954	N/A	0.501608	0.528193	0.50617	0.509662	0.507414	0.514039	0.514613	0.534207	0.560865	0.579508	0.518739	0.5263	0.528359
11053at7041	0.5785	0.00441025	0.554667	0.535827	0.535827	0.0374408	0.523343	0.523343	0.50695	0.50695	0.592456	0.571531	0.571531	0.585954	0.0446375	N/A	0.501608	0.528193	0.50617	0.509662	0.507414	0.514039	0.00735884	0.534207	0.560865	0.579508	0.518739	0.5263	0.528359
11122at7041	0.00998214	0.610696	0.0837712	0.567851	0.0364496	0.572473	0.523343	0.523343	0.50695	0.50695	0.592456	0.0369402	0.571531	0.585954	0.585954	N/A	0.501608	0.528193	0.50617	0.509662	0.00372065	0.0141363	0.541956	0.564945	0.560865	0.579508	0.518739	0.5263	0.528359
11265at7041	0.5785	0.5785	0.554667	0.535827	0.535827	0.572473	0.0118045	0.523343	0.00348711	0.50695	0.592456	0.105917	0.571531	0.0446375	0.585954	N/A	0.501608	0.528193	0.50617	0.509662	0.507414	0.514039	0.00735884	0.534207	0.560865	0.579508	0.518739	0.5263	0.528359
11394at7041	0.000420732	0.610696	0.211192	0.00737531	0.596518	0.266757	0.565289	0.0983571	0.513756	0.513756	0.322654	0.673159	0.673159	0.305169	0.0397718	N/A	0.5048	0.577714	0.518171	0.528158	0.521753	0.540379	0.541956	0.592603	0.652111	0.287176	0.55314	0.572908	0.578131
11461at7041	0.0454909	0.705723	0.699629	0.567851	0.101823	0.0107373	0.545064	0.545064	0.533338	0.000821314	0.0183685	0.0280805	0.000528144	0.0156387	9.78239e-15	N/A	0.5048	0.577714	0.518171	0.528158	0.521753	0.0011631	0.00351636	0.139828	0.231188	0.0343266	0.55314	0.572908	0.578131
11609at7041	0.000146143	0.117826	0.60054	0.535827	0.535827	0.107292	0.523343	0.523343	0.50695	0.50695	0.592456	0.571531	0.571531	0.585954	0.585954	N/A	0.501608	0.528193	0.50617	0.509662	0.507414	0.00706811	0.528588	0.534207	0.560865	0.579508	0.518739	0.5263	0.528359
11610at7041	0.541838	0.0213369	0.554667	0.535827	0.0182222	0.0374408	0.523343	0.523343	0.50695	0.0104132	0.592456	0.571531	0.0369402	0.0446375	0.585954	N/A	0.501608	0.528193	0.50617	0.509662	0.507414	0.514039	0.514613	0.534207	0.560865	0.579508	0.518739	0.5263	0.528359
11629at7041	0.541838	0.541838	0.554667	0.535827	0.535827	0.572473	0.0118045	0.523343	0.513756	0.513756	0.592456	0.571531	0.571531	0.126906	0.000361598	N/A	0.501608	0.528193	0.50617	0.509662	0.507414	0.514039	0.514613	0.534207	0.560865	0.0411888	0.518739	0.5263	0.528359
11643at7041	0.541838	0.541838	0.554667	0.567851	0.567851	0.00281961	0.523343	0.523343	0.50695	8.25155e-12	0.592456	0.571531	0.571531	0.126906	0.585954	N/A	0.501608	0.528193	0.50617	0.509662	0.507414	0.514039	0.514613	0.0173854	0.560865	0.579508	0.518739	0.5263	0.528359
11688at7041	0.0426835	0.5785	0.554667	0.535827	0.535827	0.572473	0.523343	0.523343	0.50695	0.50695	0.241028	0.628099	0.0129558	0.0894601	0.650423	N/A	0.503208	0.0810597	0.50617	0.509662	0.507414	0.514039	0.00735884	0.534207	0.560865	0.579508	0.53643	0.550543	0.554328
11691at7041	0.541838	0.0213369	0.0280358	0.535827	0.535827	0.572473	0.0118045	0.523343	0.50695	0.50695	0.592456	0.105917	0.571531	0.585954	0.0446375	N/A	0.501608	0.528193	0.50617	0.509662	0.507414	0.514039	0.514613	0.534207	0.560865	0.579508	0.518739	0.5263	0.528359
11712at7041	0.541838	0.541838	8.87052e-05	0.0182222	0.535827	0.572473	0.523343	0.523343	0.50695	0.50695	0.592456	0.571531	0.571531	0.585954	0.00401757	N/A	0.501608	0.528193	0.50617	0.509662	0.507414	0.514039	0.514613	0.534207	0.560865	0.579508	0.518739	0.5263	0.528359
11767at7041	0.541838	0.541838	0.554667	0.535827	2.42672e-05	0.572473	0.0118045	0.523343	0.50695	0.50695	0.592456	0.571531	0.571531	0.585954	0.0446375	N/A	0.501608	0.528193	0.50617	0.509662	0.507414	0.514039	0.514613	0.534207	0.560865	0.579508	0.518739	0.5263	0.528359
11801at7041	0.639032	0.639032	0.211192	0.145793	0.596518	0.674947	0.523343	0.523343	0.513756	0.513756	0.660118	0.0129558	0.628099	0.650423	0.650423	N/A	0.503208	0.554025	0.512226	0.00970847	0.521753	0.540379	0.0220691	0.592603	0.166515	0.640587	0.53643	0.550543	0.554328
11805at7041	0.16744	0.16744	1.33151e-09	0.000309976	0.645305	0.000831025	0.545064	0.545064	0.0174274	0.000247786	0.817152	1.62728e-06	5.89213e-06	0.335069	0.101627	N/A	0.511093	0.00855631	0.529734	0.545608	0.535465	0.564578	0.00112129	0.640016	0.00168238	0.754401	0.611317	0.646614	0.022983
11860at7041	0.639032	0.639032	0.639181	0.535827	0.535827	0.194791	0.523343	0.523343	0.513756	0.00697424	0.660118	0.192536	0.628099	0.226315	0.650423	N/A	0.503208	0.554025	0.512226	0.519045	0.514664	0.0141363	0.0220691	0.0974584	0.166515	0.640587	0.53643	0.550543	0.554328
11889at7041	0.541838	0.0213369	0.0280358	0.535827	0.535827	0.572473	0.523343	0.000278846	0.000120931	0.513756	0.592456	0.0369402	0.571531	0.585954	0.585954	N/A	0.501608	0.528193	0.50617	0.509662	0.507414	0.514039	0.514613	0.534207	0.560865	0.0411888	0.518739	0.5263	0.528359
11956at7041	0.0426835	0.117826	0.60054	0.0364496	0.567851	0.629592	0.0236098	0.545064	0.50695	0.50695	0.592456	0.571531	0.571531	0.00125795	0.650423	N/A	0.503208	0.554025	0.512226	0.519045	0.514664	0.52749	0.528588	0.564945	0.610853	0.211416	0.0546523	0.5263	0.554328
12057at7041	0.541838	0.0213369	0.554667	0.535827	0.535827	0.0374408	0.523343	0.523343	0.50695	2.43211e-05	0.592456	0.571531	0.00274431	0.585954	0.585954	N/A	0.501608	0.528193	0.50617	0.509662	0.507414	0.514039	0.514613	0.534207	0.560865	0.579508	0.518739	0.5263	0.528359
1205at7041	0.541838	0.541838	0.0280358	0.535827	0.535827	0.572473	0.523343	0.523343	0.50695	0.50695	4.29215e-06	0.571531	0.571531	0.585954	0.00401757	N/A	0.501608	0.528193	0.50617	0.509662	0.507414	0.514039	0.514613	0.534207	0.560865	0.579508	0.518739	0.5263	0.528359
12086at7041	0.0426835	0.5785	0.60054	0.567851	0.567851	0.000756164	0.545064	0.0676096	0.526947	0.0139452	0.241028	0.0739673	0.192536	0.650423	0.0187504	N/A	0.503208	0.554025	0.512226	0.519045	0.514664	0.52749	0.528588	0.564945	0.610853	0.0160272	0.53643	0.550543	0.554328
12094at7041	0.541838	0.541838	0.554667	0.535827	0.535827	0.572473	0.523343	0.523343	0.50695	0.50695	0.592456	0.571531	6.21011e-09	0.126906	0.00401757	N/A	0.501608	0.528193	0.50617	0.509662	0.507414	0.514039	0.514613	0.534207	0.560865	0.579508	0.518739	0.5263	0.528359
12102at7041	0.00998214	0.16744	0.639181	0.0023152	0.596518	0.674947	0.545064	0.545064	0.513756	0.513756	0.0965099	0.628099	0.628099	0.650423	0.650423	N/A	0.503208	0.554025	0.512226	0.00970847	0.521753	0.540379	0.541956	0.592603	0.610853	0.640587	0.53643	0.550543	0.554328
12127at7041	0.541838	0.541838	0.554667	0.535827	0.535827	0.572473	0.523343	0.523343	0.00348711	0.50695	0.592456	0.571531	0.105917	0.585954	0.000361598	N/A	0.501608	0.528193	0.50617	0.509662	0.507414	0.514039	0.514613	0.534207	0.560865	0.579508	0.518739	0.5263	0.528359
12128at7041	2.17743e-05	0.00323441	0.639181	0.535827	0.535827	0.0107373	0.565289	0.035384	0.0306672	0.52042	0.0456123	0.0104325	0.110117	0.00101083	0.132764	N/A	0.5048	0.577714	0.518171	0.528158	0.521753	0.540379	0.541956	0.00209627	0.652111	0.687947	0.55314	0.572908	0.578131
12246at7041	0.541838	0.541838	0.554667	0.535827	0.535827	0.000212341	0.000278846	0.523343	0.50695	0.50695	0.592456	0.105917	0.571531	0.585954	0.585954	N/A	0.501608	0.528193	0.50617	0.509662	0.507414	0.514039	0.514613	0.534207	0.560865	0.579508	0.518739	0.5263	0.528359
12326at7041	0.0213369	0.541838	0.554667	0.535827	0.0182222	0.572473	0.0348751	0.0118045	0.50695	2.43211e-05	0.592456	0.571531	0.571531	0.585954	0.00401757	N/A	0.501608	0.528193	0.50617	0.509662	0.507414	0.514039	0.514613	0.534207	0.560865	0.579508	0.518739	0.5263	0.528359
12328at7041	0.000912192	0.541838	0.554667	0.535827	0.535827	0.572473	0.523343	0.523343	0.50695	0.50695	0.592456	0.105917	0.0369402	0.585954	0.0446375	N/A	0.501608	0.528193	0.50617	0.509662	0.507414	0.514039	0.514613	0.534207	0.560865	0.579508	0.518739	0.5263	0.528359
12410at7041	0.0213369	0.541838	0.554667	0.535827	0.0182222	0.572473	0.523343	0.000278846	0.50695	0.50695	0.592456	0.571531	0.571531	0.585954	0.585954	N/A	0.501608	0.528193	0.50617	0.509662	0.507414	0.514039	0.514613	0.534207	0.560865	0.579508	0.518739	0.5263	0.528359
12433at7041	0.5785	0.5785	0.554667	0.535827	0.535827	6.82988e-09	0.523343	0.523343	0.50695	0.50695	0.0481298	0.571531	0.571531	0.585954	0.585954	N/A	0.501608	0.528193	0.50617	0.509662	0.507414	0.514039	0.00735884	0.534207	0.560865	0.579508	0.518739	0.5263	0.528359
12530at7041	0.541838	0.541838	0.554667	0.535827	0.000664983	0.572473	0.545064	0.0236098	0.50695	0.50695	0.592456	0.571531	0.571531	0.00401757	0.585954	N/A	0.501608	0.528193	0.50617	0.509662	0.507414	0.514039	0.514613	0.534207	0.0312956	0.579508	0.518739	0.5263	0.528359
12536at7041	1.66724e-06	0.541838	0.554667	0.535827	0.535827	0.572473	0.523343	0.523343	0.50695	0.50695	0.592456	0.571531	0.571531	0.585954	0.0446375	N/A	0.501608	0.528193	0.50617	0.509662	0.507414	0.514039	0.514613	0.534207	0.560865	0.579508	0.518739	0.5263	0.528359
1257at7041	3.8998e-05	0.541838	0.554667	0.535827	0.535827	0.572473	0.523343	0.523343	0.50695	0.50695	0.592456	0.571531	0.571531	0.585954	2.63642e-07	N/A	0.501608	0.528193	0.50617	0.509662	0.507414	0.514039	0.514613	0.534207	0.560865	0.579508	0.518739	0.5263	0.528359
12589at7041	0.541838	0.541838	0.60054	0.567851	0.567851	0.194791	0.523343	0.523343	6.71436e-07	0.0206342	0.241028	0.0739673	0.628099	0.650423	0.650423	N/A	0.503208	0.554025	0.512226	0.519045	0.514664	0.52749	0.0428846	0.564945	0.166515	0.640587	0.53643	0.550543	0.554328
12683at7041	0.541838	0.541838	0.554667	0.535827	0.000664983	0.572473	0.000278846	0.523343	0.50695	0.50695	0.592456	0.571531	0.571531	0.585954	0.585954	N/A	0.501608	0.528193	0.50617	0.509662	0.507414	0.514039	0.514613	0.534207	0.560865	0.579508	0.518739	0.5263	0.528359
12690at7041	0.117826	0.5785	0.00754622	0.567851	0.0364496	0.0133013	0.523343	0.523343	0.50695	0.50695	0.660118	0.192536	0.628099	0.226315	0.0894601	N/A	0.503208	0.554025	0.512226	0.519045	0.514664	0.52749	0.528588	0.564945	0.166515	0.211416	0.53643	0.550543	0.554328
1269at7041	0.541838	0.0213369	0.554667	0.0182222	0.535827	0.572473	0.565289	0.00317955	0.50695	0.50695	0.592456	0.571531	0.571531	0.585954	0.585954	N/A	0.501608	0.528193	0.50617	0.509662	0.507414	0.514039	0.514613	0.534207	0.00196659	0.579508	0.518739	0.5263	0.528359
12706at7041	0.541838	0.541838	0.554667	0.0182222	0.535827	0.572473	0.0236098	0.545064	0.50695	0.00348711	0.592456	0.105917	0.571531	0.585954	0.585954	N/A	0.501608	0.528193	0.50617	0.509662	0.507414	0.514039	0.514613	0.534207	0.0312956	0.579508	0.518739	0.5263	0.528359
12730at7041	3.8998e-05	0.541838	0.554667	0.535827	0.535827	0.0374408	0.523343	0.523343	0.50695	0.50695	0.592456	0.571531	0.571531	0.585954	0.0446375	N/A	0.501608	0.528193	0.50617	0.509662	0.507414	0.514039	0.514613	0.534207	0.560865	0.579508	0.518739	0.5263	0.528359
1274at7041	0.000912192	0.541838	0.554667	0.535827	2.42672e-05	0.572473	0.523343	0.523343	0.50695	0.50695	0.592456	0.571531	0.571531	0.126906	0.585954	N/A	0.501608	0.528193	0.50617	0.509662	0.507414	0.514039	0.514613	0.534207	0.560865	0.579508	0.518739	0.5263	0.528359
1279at7041	0.5785	0.5785	0.60054	0.596518	0.596518	0.674947	0.584131	0.584131	0.513756	0.513756	0.710309	0.00409085	0.628099	0.0397718	0.305169	N/A	0.5048	0.577714	0.518171	0.528158	0.521753	0.0607199	0.528588	0.592603	0.0934342	0.287176	0.55314	0.109902	0.578131
12818at7041	0.541838	3.04725e-09	0.554667	0.0182222	0.535827	0.572473	0.523343	0.523343	0.50695	0.50695	0.592456	0.571531	0.571531	0.585954	0.585954	N/A	0.501608	0.528193	0.50617	0.509662	0.507414	0.514039	0.514613	0.534207	0.560865	0.579508	0.518739	0.5263	0.528359
12835at7041	0.639032	0.0846998	0.554667	0.535827	0.535827	0.572473	0.523343	0.523343	0.50695	0.50695	0.592456	0.105917	0.0369402	0.585954	0.585954	N/A	0.501608	0.528193	0.50617	0.509662	0.507414	0.514039	1.59469e-06	0.534207	0.560865	0.579508	0.518739	0.5263	0.528359
12843at7041	0.541838	0.541838	0.554667	0.596518	0.596518	0.629592	0.0236098	0.0676096	0.0206342	0.513756	0.592456	0.571531	0.571531	0.650423	0.226315	N/A	0.503208	0.554025	0.512226	0.519045	0.514664	0.0412373	0.514613	0.0347752	0.610853	0.640587	0.0546523	0.5263	0.554328
12889at7041	0.000921381	0.686131	0.0559546	0.00704356	0.645305	0.0890382	0.0702579	0.618084	0.0689982	0.0243816	0.387259	0.0188163	0.1448	0.420087	0.21165	N/A	0.507962	0.0709421	0.535357	0.55396	0.542096	0.575935	0.578708	0.246451	0.738871	0.229897	0.127023	0.593557	0.620024
12895at7041	0.000912192	0.541838	0.554667	0.535827	0.535827	0.00281961	0.000278846	0.523343	0.50695	0.50695	0.592456	0.571531	0.571531	0.585954	0.0446375	N/A	0.501608	0.528193	0.50617	0.509662	0.507414	0.514039	0.514613	0.534207	0.560865	0.579508	0.518739	0.5263	0.528359
12903at7041	0.117826	0.5785	0.60054	1.32832e-18	0.101823	0.572473	0.523343	0.523343	0.50695	0.50695	0.592456	0.571531	0.571531	0.585954	0.585954	N/A	0.501608	0.528193	0.50617	0.509662	0.00372065	0.52749	0.528588	0.564945	0.560865	0.579508	0.518739	0.5263	0.528359
12954at7041	1.16893e-11	0.0069057	0.000671697	0.000928699	0.124304	0.418627	0.523343	0.523343	0.533338	0.0174274	0.0477385	0.00280735	0.177684	0.0900675	0.766083	N/A	0.507962	0.619437	0.529734	0.0242494	0.0223043	1.24575e-07	0.639354	0.678742	0.000108292	0.754401	0.583853	0.612637	0.620024
12960at7041	0.541838	0.541838	0.0280358	0.0182222	0.535827	0.572473	0.523343	0.523343	0.0104605	0.52042	0.592456	0.571531	0.571531	0.585954	0.585954	N/A	0.501608	0.528193	0.50617	0.509662	0.507414	0.514039	0.514613	0.534207	0.560865	0.00341655	0.518739	0.5263	0.528359
1296at7041	0.117826	0.5785	0.60054	0.0364496	0.567851	0.629592	0.523343	0.523343	0.513756	0.513756	0.322654	0.0104325	1.58223e-08	0.766083	0.0900675	N/A	0.5048	0.117193	0.512226	0.519045	0.514664	0.52749	0.528588	0.564945	0.166515	0.640587	0.55314	0.572908	0.00466392
12975at7041	0.0426835	0.5785	0.15098	0.0364496	0.101823	0.0749732	0.523343	0.523343	0.50695	0.50695	0.592456	0.105917	0.571531	0.00401757	0.585954	N/A	0.501608	0.528193	0.50617	0.00485422	0.514664	0.52749	0.528588	0.564945	0.560865	0.579508	0.518739	0.5263	0.528359
12992at7041	0.000912192	0.541838	0.554667	0.535827	0.535827	0.572473	0.523343	0.523343	0.50695	0.50695	0.592456	0.105917	0.0369402	0.585954	0.0446375	N/A	0.501608	0.528193	0.50617	0.509662	0.507414	0.514039	0.514613	0.534207	0.560865	0.579508	0.518739	0.5263	0.528359
13000at7041	0.541838	0.0213369	0.554667	0.535827	0.535827	0.572473	0.00136836	0.545064	0.50695	0.50695	0.592456	0.571531	0.571531	0.0446375	0.585954	N/A	0.501608	0.528193	0.50617	0.509662	0.507414	0.514039	0.514613	0.534207	0.0312956	0.579508	0.518739	0.5263	0.528359
13034at7041	2.17743e-05	0.16744	0.211192	0.0023152	0.596518	0.028789	0.545064	0.545064	0.52042	0.52042	0.592456	0.571531	0.571531	0.0156387	9.35796e-13	N/A	0.5048	0.577714	0.518171	0.528158	0.521753	0.540379	0.541956	0.592603	0.231188	0.687947	0.000585624	0.5263	0.578131
13135at7041	0.5785	0.0426835	0.60054	9.18246e-05	0.101823	0.629592	0.00136836	0.545064	0.0206342	0.513756	0.241028	0.00409085	0.628099	0.0894601	0.650423	N/A	0.503208	0.554025	0.512226	0.519045	0.514664	0.52749	0.528588	0.564945	0.610853	0.640587	0.53643	0.550543	0.554328
13184at7041	0.0426835	0.117826	0.000325504	0.535827	0.535827	0.629592	0.545064	0.0676096	0.52042	0.0104605	0.660118	0.192536	0.000727189	0.585954	0.585954	N/A	0.503208	0.554025	0.512226	0.519045	0.514664	0.52749	0.528588	0.0974584	0.610853	0.0825118	0.53643	0.550543	0.0815155
13189at7041	0.000912192	0.541838	0.554667	0.535827	0.535827	0.572473	0.523343	0.523343	0.50695	0.00348711	0.592456	0.105917	0.00274431	0.585954	0.0446375	N/A	0.501608	0.528193	0.50617	0.509662	0.507414	0.514039	0.514613	0.534207	0.560865	0.579508	0.518739	0.5263	0.528359
1318at7041	0.541838	0.541838	0.554667	0.567851	0.101823	0.0749732	0.0236098	0.545064	0.00697424	0.0206342	0.592456	0.105917	0.571531	0.650423	0.0187504	N/A	0.503208	0.554025	0.512226	0.519045	0.514664	0.0412373	0.514613	0.564945	0.610853	0.640587	0.0546523	0.5263	0.554328
13194at7041	0.00441025	0.5785	0.60054	0.535827	0.535827	0.000756164	0.0236098	0.545064	0.52042	0.52042	0.00156314	0.192536	0.628099	0.650423	0.226315	N/A	0.503208	0.554025	0.512226	0.519045	0.514664	0.52749	0.528588	0.0974584	0.610853	0.0825118	0.53643	0.550543	0.554328
13229at7041	0.5785	0.00441025	0.0561004	0.101823	0.0364496	0.629592	0.565289	0.565289	0.50695	0.50695	0.241028	0.628099	0.628099	0.0187504	0.00631316	N/A	0.503208	0.554025	0.512226	0.519045	0.514664	0.52749	0.528588	0.564945	0.062636	0.211416	0.53643	0.550543	0.554328
1323at7041	2.17743e-05	0.610696	0.60054	0.00323063	0.567851	0.194791	0.0676096	0.545064	0.50695	0.50695	0.136323	0.571531	0.571531	0.736876	0.000169391	N/A	0.503208	0.554025	0.512226	0.519045	0.514664	0.52749	0.0147178	0.564945	0.610853	0.211416	0.0546523	0.5263	0.00202142
1324at7041	3.04725e-09	0.541838	0.554667	0.535827	0.535827	0.572473	0.523343	0.0118045	0.50695	0.50695	0.592456	0.105917	0.571531	0.585954	0.585954	N/A	0.501608	0.528193	0.50617	0.509662	0.507414	0.514039	0.514613	0.534207	0.560865	0.579508	0.518739	0.5263	0.528359
13268at7041	0.5785	0.0426835	0.60054	0.535827	0.535827	0.572473	0.523343	0.523343	0.50695	0.50695	0.241028	0.628099	0.0739673	0.226315	0.00125795	N/A	0.503208	0.0810597	0.50617	0.509662	0.507414	0.00706811	0.528588	0.534207	0.560865	0.579508	0.53643	0.550543	0.554328
13307at7041	0.00323441	0.610696	0.0167662	0.535827	0.535827	0.111593	0.545064	0.0676096	0.52042	0.52042	0.710309	0.673159	0.0104325	0.305169	0.00347594	N/A	0.5048	0.577714	0.518171	0.528158	0.521753	0.540379	0.541956	0.00209627	0.231188	0.687947	0.55314	0.572908	0.578131
13311at7041	0.541838	0.0213369	0.554667	0.535827	0.535827	0.0374408	0.0236098	0.545064	0.50695	0.50695	0.592456	0.571531	0.0369402	0.585954	0.585954	N/A	0.501608	0.528193	0.50617	0.509662	0.507414	0.514039	0.514613	0.534207	0.0312956	0.579508	0.518739	0.5263	0.528359
13344at7041	0.541838	0.541838	0.0280358	0.0182222	0.535827	0.572473	0.523343	0.523343	0.50695	0.50695	0.592456	0.571531	0.00274431	0.585954	0.000361598	N/A	0.501608	0.528193	0.50617	0.509662	0.507414	0.514039	0.514613	0.534207	0.560865	0.579508	0.518739	0.5263	0.528359
13450at7041	0.541838	0.0213369	0.554667	0.535827	0.535827	0.572473	0.523343	0.523343	0.50695	0.50695	0.592456	0.105917	0.571531	0.585954	1.73007e-11	N/A	0.501608	0.528193	0.50617	0.509662	0.507414	0.514039	0.514613	0.534207	0.560865	0.579508	0.518739	0.5263	0.528359
13499at7041	0.541838	0.541838	0.0280358	0.535827	0.000664983	0.572473	0.523343	0.523343	0.50695	0.50695	0.592456	0.571531	0.571531	0.585954	0.00401757	N/A	0.501608	0.528193	0.50617	0.509662	0.507414	0.514039	0.514613	0.534207	0.560865	0.579508	0.518739	0.5263	0.528359
13641at7041	0.541838	0.541838	0.001577	0.567851	0.567851	0.572473	0.523343	0.0118045	0.50695	0.00348711	0.592456	0.105917	0.571531	0.585954	0.585954	N/A	0.501608	0.528193	0.50617	0.509662	0.507414	0.514039	0.514613	0.0173854	0.560865	0.579508	0.518739	0.5263	0.528359
13768at7041	7.12775e-08	0.541838	0.554667	0.535827	0.535827	0.0374408	0.0118045	0.523343	0.50695	0.50695	0.592456	0.571531	0.571531	0.585954	0.585954	N/A	0.501608	0.528193	0.50617	0.509662	0.507414	0.514039	0.514613	0.534207	0.560865	0.579508	0.518739	0.5263	0.528359
13801at7041	4.10407e-07	0.000152191	0.208762	3.19316e-05	0.716947	0.0530157	0.104048	0.661027	0.54573	0.54573	0.710309	0.571531	0.571531	0.78911	0.78911	N/A	0.509531	0.084757	0.540877	0.562076	0.0260105	0.597278	0.600675	0.134699	0.0843656	0.796931	7.55625e-05	0.00119652	0.63846
13825at7041	0.5785	0.5785	0.554667	0.535827	0.535827	1.59911e-05	0.0118045	0.523343	0.50695	0.50695	0.0481298	0.571531	0.571531	0.585954	0.585954	N/A	0.501608	0.528193	0.50617	0.509662	0.507414	0.514039	0.00735884	0.534207	0.560865	0.579508	0.518739	0.5263	0.528359
13883at7041	0.00998214	0.16744	0.211192	0.0545651	0.596518	0.674947	0.035384	0.565289	0.000287479	0.52042	0.660118	0.571531	0.105917	0.699327	0.000363519	N/A	0.5048	0.577714	0.518171	0.528158	0.521753	0.540379	0.541956	0.592603	0.652111	0.687947	0.0799818	0.0758327	0.578131
13936at7041	0.000912192	0.0623001	0.554667	0.535827	0.535827	0.572473	0.545064	0.545064	0.50695	0.50695	0.592456	0.571531	0.571531	0.585954	0.0446375	N/A	0.501608	0.528193	0.50617	0.509662	0.507414	0.514039	0.514613	0.534207	0.0312956	0.579508	0.518739	0.5263	0.528359
13962at7041	0.5785	0.117826	0.60054	0.567851	0.00323063	0.572473	0.523343	0.523343	0.50695	0.50695	0.592456	0.571531	0.0369402	0.585954	0.585954	N/A	0.501608	0.528193	0.50617	0.509662	0.00372065	0.52749	0.528588	0.564945	0.560865	0.579508	0.518739	0.5263	0.528359
13975at7041	0.541838	0.541838	0.554667	0.535827	0.535827	0.00281961	0.523343	0.523343	0.00348711	0.50695	0.592456	0.105917	0.571531	0.585954	0.0446375	N/A	0.501608	0.528193	0.50617	0.509662	0.507414	0.514039	0.514613	0.534207	0.560865	0.579508	0.518739	0.5263	0.528359
14006at7041	0.541838	0.541838	0.0280358	0.535827	0.0182222	0.572473	0.523343	0.523343	0.50695	0.00348711	0.0481298	0.571531	0.571531	0.0446375	0.585954	N/A	0.501608	0.528193	0.50617	0.509662	0.507414	0.514039	0.514613	0.534207	0.560865	0.579508	0.518739	0.5263	0.528359
14064at7041	0.5785	0.5785	0.60054	0.101823	0.567851	0.629592	0.545064	0.545064	0.50695	0.50695	0.660118	0.192536	0.0129558	0.226315	0.00125795	N/A	0.503208	0.554025	0.512226	0.519045	0.514664	0.52749	0.528588	0.564945	0.610853	0.211416	0.53643	0.550543	0.554328
14087at7041	0.117826	0.0426835	0.60054	0.101823	0.0364496	0.629592	0.035384	0.565289	0.52042	0.52042	0.710309	0.263959	0.110117	0.699327	0.699327	N/A	0.5048	0.577714	0.518171	0.0423083	0.514664	0.52749	0.528588	0.564945	0.652111	0.687947	0.55314	0.572908	0.578131
14106at7041	0.541838	0.541838	0.554667	0.535827	0.535827	0.572473	0.523343	3.67552e-09	0.50695	0.50695	0.592456	0.571531	0.571531	0.585954	0.585954	N/A	0.501608	0.528193	0.50617	0.509662	0.507414	0.514039	0.514613	0.534207	0.560865	0.579508	0.518739	0.5263	0.528359
14137at7041	0.541838	0.541838	0.554667	0.535827	0.535827	0.572473	0.523343	8.68234e-11	0.50695	0.50695	0.000454511	0.571531	0.571531	0.585954	0.585954	N/A	0.501608	0.528193	0.50617	0.509662	0.507414	0.514039	0.514613	0.534207	0.560865	0.579508	0.518739	0.5263	0.528359
14140at7041	0.5785	0.5785	0.15098	0.535827	0.0534078	0.629592	0.523343	0.523343	0.0206342	0.000120931	0.0965099	0.571531	0.571531	0.650423	0.00125795	N/A	0.503208	0.554025	0.512226	0.519045	0.514664	0.52749	0.528588	0.0974584	0.166515	0.640587	0.53643	0.0758327	0.554328
14212at7041	0.541838	0.541838	0.0561004	0.567851	0.0364496	0.0749732	0.523343	0.523343	0.50695	0.50695	0.592456	0.571531	0.571531	0.585954	0.0446375	N/A	0.501608	0.528193	0.50617	0.00485422	0.514664	0.52749	0.0428846	0.564945	0.560865	0.579508	0.518739	0.5263	0.528359
1426at7041	0.0426835	0.117826	0.15098	0.567851	0.00323063	0.194791	0.0676096	0.0236098	0.52042	0.52042	0.592456	0.571531	0.571531	0.226315	0.0894601	N/A	0.503208	0.554025	0.512226	0.519045	0.514664	0.52749	0.528588	0.564945	0.610853	0.0825118	0.0546523	0.5263	0.554328
14274at7041	0.541838	0.541838	0.554667	4.30386e-11	0.535827	0.572473	0.0118045	0.523343	0.50695	0.50695	0.592456	0.571531	0.571531	0.585954	0.585954	N/A	0.501608	0.528193	0.50617	0.509662	0.507414	0.514039	0.514613	0.534207	0.560865	0.579508	0.518739	0.5263	0.528359
14288at7041	0.000146143	0.5785	0.554667	0.535827	0.535827	0.572473	0.523343	0.523343	0.50695	0.50695	0.592456	0.105917	0.0369402	0.585954	0.585954	N/A	0.501608	0.528193	0.50617	0.509662	0.507414	0.514039	0.00735884	0.534207	0.560865	0.579508	0.518739	0.5263	0.528359
14295at7041	0.541838	0.541838	0.554667	0.535827	0.535827	1.59911e-05	0.523343	0.523343	0.50695	0.00348711	0.592456	0.571531	0.571531	0.585954	0.0446375	N/A	0.501608	0.528193	0.50617	0.509662	0.507414	0.514039	0.514613	0.534207	0.560865	0.579508	0.518739	0.5263	0.528359
14332at7041	0.541838	0.541838	0.554667	0.0182222	0.535827	1.20427e-06	0.523343	0.523343	0.50695	0.50695	0.592456	0.105917	0.571531	0.0446375	0.585954	N/A	0.501608	0.528193	0.50617	0.509662	0.507414	0.514039	0.514613	0.534207	0.560865	0.579508	0.518739	0.5263	0.528359
14353at7041	0.610696	0.16744	2.6149e-08	0.596518	0.145793	0.266757	0.545064	0.545064	0.0206342	0.513756	0.322654	0.0104325	0.673159	0.766083	7.07835e-08	N/A	0.5048	0.577714	0.518171	0.528158	0.521753	0.540379	0.541956	0.592603	0.231188	0.287176	0.55314	0.572908	0.00466392
14437at7041	0.0426835	0.5785	0.0561004	0.567851	0.0364496	0.629592	0.523343	0.523343	0.50695	0.50695	0.660118	0.192536	0.628099	0.226315	0.0187504	N/A	0.503208	0.554025	0.512226	0.519045	0.514664	0.52749	0.528588	0.564945	0.166515	0.211416	0.53643	0.550543	0.554328
14438at7041	0.117826	0.5785	0.60054	0.535827	0.535827	0.194791	0.0676096	0.0236098	0.50695	0.50695	0.241028	0.628099	0.0739673	0.226315	0.0187504	N/A	0.503208	0.554025	0.512226	0.519045	0.514664	0.52749	0.528588	0.0974584	0.610853	0.211416	0.53643	0.550543	0.554328
14443at7041	0.541838	0.541838	0.554667	0.535827	0.0182222	0.0374408	0.523343	0.523343	0.50695	0.50695	0.592456	0.105917	0.571531	0.585954	3.25453e-05	N/A	0.501608	0.528193	0.50617	0.509662	0.507414	0.514039	0.514613	0.534207	0.560865	0.579508	0.518739	0.5263	0.528359
14494at7041	0.00968073	0.0257137	0.00367906	0.622221	0.185797	0.711249	0.12726	0.047099	0.0306672	0.52042	0.748089	0.00139483	0.70933	0.699327	0.00101083	N/A	0.506385	0.599458	0.524006	0.537009	0.528685	0.0282459	0.566989	0.617526	0.686344	0.348978	0.568929	0.593557	0.151513
14507at7041	0.5785	0.117826	0.000325504	0.101823	0.567851	0.629592	0.523343	0.523343	0.52042	0.52042	0.241028	0.192536	0.0129558	0.0397718	0.132764	N/A	0.503208	0.554025	0.512226	0.519045	0.514664	0.52749	0.528588	0.564945	0.166515	0.0825118	0.53643	0.550543	0.0287509
14538at7041	0.0213369	0.541838	0.554667	0.535827	0.535827	0.572473	0.0348751	0.523343	0.000120931	0.513756	0.592456	0.571531	0.0369402	0.585954	0.0446375	N/A	0.501608	0.528193	0.50617	0.509662	0.507414	0.514039	0.514613	0.534207	0.560865	0.0411888	0.518739	0.5263	0.528359
14617at7041	0.117826	1.03442e-13	0.60054	0.535827	0.535827	0.0749732	0.523343	0.523343	0.50695	0.50695	0.0965099	0.105917	0.571531	0.650423	0.226315	N/A	0.503208	0.554025	0.512226	0.519045	0.514664	0.52749	0.528588	0.0974584	0.166515	0.211416	0.53643	0.0758327	0.554328
1470at7041	0.541838	0.541838	0.554667	0.535827	2.42672e-05	0.0374408	0.523343	0.523343	0.50695	0.50695	0.592456	0.571531	0.0369402	0.585954	0.585954	N/A	0.501608	0.528193	0.50617	0.509662	0.507414	0.514039	0.514613	0.534207	0.560865	0.579508	0.518739	0.5263	0.528359
14711at7041	0.0213369	0.541838	0.554667	0.535827	0.535827	0.572473	0.523343	0.523343	0.50695	0.0104132	0.592456	0.571531	0.0369402	0.585954	0.00401757	N/A	0.501608	0.528193	0.50617	0.509662	0.507414	0.514039	0.514613	0.534207	0.560865	0.579508	0.518739	0.5263	0.528359
1478at7041	2.4583e-14	0.664028	0.60054	0.567851	0.00323063	0.00421846	0.523343	0.523343	0.513756	0.0206342	0.322654	0.673159	0.110117	0.000363519	0.699327	N/A	0.5048	0.117193	0.512226	0.519045	0.514664	0.52749	6.23862e-06	0.564945	0.166515	0.640587	0.55314	0.572908	0.578131
14812at7041	0.5785	0.5785	0.554667	0.0182222	0.535827	0.572473	0.523343	0.523343	0.50695	0.00348711	0.592456	0.571531	0.0369402	0.585954	0.0446375	N/A	0.501608	0.528193	0.50617	0.509662	0.507414	0.514039	0.00735884	0.534207	0.560865	0.579508	0.518739	0.5263	0.528359
14926at7041	0.0426835	0.5785	0.554667	0.535827	0.535827	0.00281961	0.523343	0.523343	0.50695	0.50695	0.592456	0.0369402	0.571531	0.585954	0.585954	N/A	0.501608	0.528193	0.50617	0.509662	0.507414	0.514039	0.00735884	0.534207	0.560865	0.579508	0.518739	0.5263	0.528359
1498at7041	0.16309	0.16309	0.000571236	0.535827	0.535827	0.0193387	0.633381	0.0816631	0.52042	0.52042	0.00325751	0.0188163	4.80491e-10	0.368525	2.15166e-07	N/A	0.506385	0.599458	0.524006	0.537009	0.528685	0.552734	8.12395e-07	0.0001212	0.00274828	0.348978	0.568929	0.593557	0.59997
15088at7041	0.541838	0.0213369	0.554667	0.0182222	0.535827	0.572473	0.0118045	0.523343	0.50695	0.0104132	0.592456	0.571531	0.571531	0.585954	0.585954	N/A	0.501608	0.528193	0.50617	0.509662	0.507414	0.514039	0.514613	0.534207	0.560865	0.579508	0.518739	0.5263	0.528359
15099at7041	0.0426835	0.117826	0.15098	0.567851	0.101823	0.0749732	0.523343	0.523343	0.50695	0.50695	0.241028	0.628099	0.192536	0.650423	0.650423	N/A	0.503208	0.554025	0.512226	0.519045	0.514664	0.52749	0.528588	0.564945	0.166515	0.211416	0.53643	0.550543	0.554328
15137at7041	7.29334e-10	0.00609706	0.000571236	0.0023152	0.596518	0.0473949	0.584131	0.12726	0.54573	0.54573	0.748089	2.38379e-05	4.75809e-06	0.00729895	0.00256172	N/A	0.506385	0.599458	0.524006	0.537009	0.528685	0.552734	0.554747	0.178541	0.686344	0.00586509	0.568929	0.593557	0.59997
15155at7041	0.117826	0.5785	0.60054	0.0364496	0.567851	0.572473	0.523343	0.523343	0.00348711	0.50695	0.0481298	0.105917	0.571531	0.585954	0.585954	N/A	0.501608	0.528193	0.50617	0.509662	0.00372065	0.52749	0.528588	0.564945	0.560865	0.579508	0.518739	0.5263	0.528359
15162at7041	0.0638525	0.610696	0.554667	0.535827	0.535827	0.572473	0.523343	0.523343	0.50695	0.50695	0.592456	0.105917	0.0369402	0.585954	0.585954	N/A	0.501608	0.528193	0.50617	0.509662	0.507414	0.514039	0.000108328	0.534207	0.560865	0.579508	0.518739	0.5263	0.528359
15171at7041	0.541838	0.541838	0.554667	0.535827	2.42672e-05	0.0374408	0.523343	0.523343	0.50695	0.50695	0.0217166	0.628099	0.0739673	0.126906	0.585954	N/A	0.501608	0.528193	0.50617	0.509662	0.507414	0.514039	0.514613	0.534207	0.560865	0.579508	0.00945536	0.550543	0.528359
15172at7041	0.5785	0.00441025	0.60054	0.535827	0.535827	0.0749732	0.523343	0.523343	0.513756	0.00697424	0.143	0.673159	0.0104325	0.736876	1.37995e-05	N/A	0.5048	0.117193	0.512226	0.519045	0.514664	0.52749	0.528588	0.0974584	0.166515	0.640587	0.55314	0.572908	0.0430715
15219at7041	0.0426835	0.117826	0.0561004	4.17308e-06	0.101823	0.194791	0.545064	0.00136836	0.0206342	0.000120931	0.592456	0.571531	0.571531	0.226315	0.650423	N/A	0.503208	0.554025	0.512226	0.519045	0.514664	0.52749	0.528588	0.564945	0.610853	0.640587	0.0546523	0.5263	0.554328
15223at7041	0.541838	0.541838	0.554667	0.535827	0.535827	0.572473	0.565289	0.565289	0.50695	0.50695	0.0481298	0.571531	0.571531	3.25453e-05	0.585954	N/A	0.501608	0.528193	0.50617	0.509662	0.507414	0.514039	0.514613	0.534207	0.00196659	0.579508	0.518739	0.5263	0.528359
15293at7041	0.541838	0.541838	4.98962e-06	0.535827	0.535827	0.572473	0.047099	0.584131	0.513756	0.00697424	0.241028	0.192536	0.628099	0.226315	1.57213e-06	N/A	0.503208	0.554025	0.512226	0.0285688	0.507414	0.514039	0.514613	0.534207	0.00936385	0.640587	0.53643	0.550543	0.554328
15318at7041	0.541838	0.541838	0.0280358	0.0182222	0.535827	0.572473	6.58692e-06	0.523343	0.50695	0.50695	0.592456	0.571531	0.571531	0.0446375	0.585954	N/A	0.501608	0.528193	0.50617	0.509662	0.507414	0.514039	0.514613	0.534207	0.560865	0.579508	0.518739	0.5263	0.528359
15362at7041	0.541838	0.541838	0.0280358	0.535827	0.0182222	0.572473	0.523343	0.0118045	0.513756	0.513756	0.136323	0.571531	0.571531	0.585954	0.585954	N/A	0.501608	0.528193	0.50617	0.509662	0.507414	0.514039	0.514613	0.534207	0.560865	0.0411888	0.518739	0.5263	0.528359
15393at7041	0.610696	0.610696	0.60054	0.535827	0.0534078	0.0749732	0.0676096	0.545064	0.50695	0.50695	0.592456	0.571531	0.571531	0.650423	0.650423	N/A	0.503208	0.554025	0.512226	0.519045	0.514664	0.52749	0.0147178	0.0974584	0.610853	0.211416	0.0546523	0.5263	0.554328
15394at7041	0.0638525	0.610696	0.639181	0.596518	0.0023152	0.111593	0.523343	0.523343	0.50695	0.50695	0.241028	0.0739673	0.628099	0.585954	0.585954	N/A	0.503208	0.554025	0.512226	0.00970847	0.521753	0.540379	0.541956	0.592603	0.166515	0.211416	0.53643	0.550543	0.0815155
15419at7041	0.541838	0.541838	0.0280358	0.535827	0.0182222	0.572473	0.000278846	0.523343	0.50695	0.50695	0.592456	0.105917	0.571531	0.585954	0.585954	N/A	0.501608	0.528193	0.50617	0.509662	0.507414	0.514039	0.514613	0.534207	0.560865	0.579508	0.518739	0.5263	0.528359
15433at7041	0.541838	0.541838	0.554667	0.0182222	0.535827	0.572473	0.523343	0.0118045	0.50695	0.50695	0.592456	0.105917	0.571531	0.585954	0.00401757	N/A	0.501608	0.528193	0.50617	0.509662	0.507414	0.514039	0.514613	0.534207	0.560865	0.579508	0.518739	0.5263	0.528359
15459at7041	0.541838	0.0213369	0.554667	0.535827	0.535827	0.629592	0.545064	0.0676096	0.513756	0.0206342	0.0217166	0.571531	0.105917	0.226315	0.000140171	N/A	0.503208	0.554025	0.512226	0.519045	0.0219958	0.514039	0.514613	0.534207	0.610853	0.640587	0.53643	0.0758327	0.554328
15510at7041	0.610696	0.00323441	0.639181	0.567851	0.101823	0.674947	0.0983571	0.565289	0.0306672	1.57326e-12	0.0183685	0.673159	0.263959	0.699327	0.699327	N/A	0.5048	0.577714	0.518171	0.528158	0.521753	0.540379	0.541956	0.139828	0.652111	0.687947	0.55314	0.572908	0.578131
15511at7041	0.541838	0.541838	0.554667	0.535827	0.535827	0.572473	0.523343	0.0118045	0.50695	2.43211e-05	0.592456	0.105917	0.571531	0.585954	0.585954	N/A	0.501608	0.528193	0.50617	0.509662	0.507414	0.514039	0.514613	0.534207	0.560865	0.579508	0.518739	0.5263	0.528359
15565at7041	0.0638525	0.610696	0.0837712	0.535827	0.535827	0.629592	0.523343	0.523343	0.0104132	0.50695	0.592456	0.571531	0.571531	0.585954	0.0446375	N/A	0.501608	0.528193	0.50617	0.00485422	0.514664	0.0141363	0.541956	0.0974584	0.560865	0.579508	0.518739	0.5263	0.528359
15634at7041	0.5785	0.0426835	0.60054	0.535827	0.535827	0.0749732	0.523343	0.523343	0.50695	0.50695	0.592456	0.0369402	0.571531	0.126906	0.585954	N/A	0.501608	0.528193	0.50617	0.00485422	0.514664	0.52749	0.528588	0.0974584	0.560865	0.579508	0.518739	0.5263	0.528359
15682at7041	0.541838	0.0213369	0.554667	0.535827	0.000664983	0.572473	0.523343	0.523343	0.50695	0.50695	0.592456	0.105917	0.571531	0.0446375	0.585954	N/A	0.501608	0.528193	0.50617	0.509662	0.507414	0.514039	0.514613	0.534207	0.560865	0.579508	0.518739	0.5263	0.528359
15724at7041	0.0426835	0.5785	0.15098	0.567851	0.567851	0.194791	0.545064	0.0236098	0.50695	0.50695	0.592456	0.571531	0.571531	0.585954	0.585954	N/A	0.501608	0.528193	0.00309449	0.519045	0.514664	0.52749	0.528588	0.564945	0.610853	0.579508	0.518739	0.5263	0.528359
15790at7041	0.0213369	0.541838	0.554667	0.535827	0.535827	0.0374408	0.523343	0.0118045	0.50695	0.50695	0.592456	0.105917	0.0369402	0.585954	0.585954	N/A	0.501608	0.528193	0.50617	0.509662	0.507414	0.514039	0.514613	0.534207	0.560865	0.579508	0.518739	0.5263	0.528359
15834at7041	0.541838	0.0213369	0.0280358	0.0182222	0.0534078	0.572473	0.523343	0.523343	0.50695	0.50695	0.592456	0.571531	0.571531	0.0446375	0.585954	N/A	0.501608	0.528193	0.50617	0.509662	0.507414	0.514039	0.514613	0.534207	0.560865	0.579508	0.518739	0.5263	0.528359
15887at7041	0.000912192	0.541838	0.554667	0.0182222	0.535827	0.572473	0.0118045	0.523343	0.50695	0.50695	0.592456	0.0369402	0.571531	0.585954	0.585954	N/A	0.501608	0.528193	0.50617	0.509662	0.507414	0.514039	0.514613	0.534207	0.560865	0.579508	0.518739	0.5263	0.528359
15919at7041	0.541838	0.541838	0.554667	0.535827	2.42672e-05	0.572473	0.523343	0.523343	0.50695	0.50695	0.0481298	0.105917	0.571531	0.585954	0.0446375	N/A	0.501608	0.528193	0.50617	0.509662	0.507414	0.514039	0.514613	0.534207	0.560865	0.579508	0.518739	0.5263	0.528359
15925at7041	0.0213369	0.541838	0.554667	0.535827	0.535827	0.00281961	0.523343	0.523343	0.50695	0.50695	0.0481298	0.105917	0.0369402	0.585954	0.585954	N/A	0.501608	0.528193	0.50617	0.509662	0.507414	0.514039	0.514613	0.534207	0.560865	0.579508	0.518739	0.5263	0.528359
15979at7041	0.117826	0.5785	0.15098	0.101823	0.567851	0.629592	0.545064	0.545064	0.513756	0.0206342	0.0481298	0.105917	0.571531	0.585954	0.585954	N/A	0.501608	0.0142894	0.512226	0.519045	0.514664	0.52749	0.528588	0.564945	0.610853	0.640587	0.518739	0.5263	0.528359
1597at7041	0.541838	0.541838	0.60054	0.0364496	0.567851	0.194791	0.0676096	0.545064	0.513756	0.513756	0.660118	0.192536	0.628099	0.226315	0.0187504	N/A	0.503208	0.554025	0.512226	0.519045	0.514664	0.52749	0.0428846	0.564945	0.610853	0.640587	0.53643	0.550543	0.554328
15994at7041	0.664028	0.664028	0.671865	0.101823	0.567851	0.194791	0.565289	0.565289	0.513756	0.513756	0.660118	0.0739673	0.192536	0.585954	0.585954	N/A	0.503208	0.554025	0.512226	0.519045	0.514664	0.000494091	0.0294054	0.564945	0.062636	0.640587	0.53643	0.550543	0.0815155
16043at7041	0.0426835	0.117826	0.60054	0.567851	0.0364496	0.0749732	0.545064	0.545064	0.513756	0.513756	0.0965099	0.00409085	0.0739673	0.650423	0.650423	N/A	0.503208	0.554025	0.512226	0.519045	0.514664	0.52749	0.528588	0.564945	0.610853	0.640587	0.53643	0.550543	0.554328
16218at7041	0.117826	0.5785	0.0561004	0.567851	0.567851	0.0749732	0.523343	0.523343	0.513756	0.513756	0.0456123	0.263959	0.110117	0.305169	4.51938e-05	N/A	0.5048	0.117193	0.512226	0.519045	0.514664	0.52749	0.528588	0.564945	0.166515	0.640587	0.55314	0.572908	0.578131
16231at7041	0.541838	0.541838	0.60054	0.107395	0.666069	0.629592	0.545064	0.545064	0.50695	0.50695	0.710309	0.0104325	0.0280805	0.00347594	0.305169	N/A	0.5048	0.117193	0.512226	0.519045	0.514664	0.52749	0.0428846	3.46609e-06	0.610853	0.211416	0.55314	0.572908	0.578131
16262at7041	0.541838	3.04725e-09	0.554667	0.535827	0.000664983	0.00281961	0.523343	0.523343	0.50695	0.50695	0.592456	0.571531	0.571531	0.585954	0.585954	N/A	0.501608	0.528193	0.50617	0.509662	0.507414	0.514039	0.514613	0.534207	0.560865	0.579508	0.518739	0.5263	0.528359
16274at7041	0.0213369	0.541838	0.554667	0.535827	0.535827	0.0374408	0.523343	0.523343	0.50695	0.50695	0.0965099	0.192536	0.0129558	0.226315	0.000140171	N/A	0.503208	0.0810597	0.50617	0.509662	0.507414	0.514039	0.514613	0.534207	0.560865	0.579508	0.53643	0.550543	0.554328
1628at7041	0.0213369	0.541838	0.554667	0.0364496	0.567851	0.572473	0.523343	0.523343	0.52042	0.52042	0.592456	0.571531	0.571531	0.585954	0.585954	N/A	0.501608	0.528193	0.50617	0.509662	0.507414	0.514039	0.514613	0.0173854	0.560865	0.00341655	0.518739	0.5263	0.528359
16317at7041	0.0213369	0.541838	0.554667	0.535827	0.535827	0.0374408	0.523343	0.0348751	0.50695	0.00348711	0.592456	0.571531	0.00274431	0.585954	0.585954	N/A	0.501608	0.528193	0.50617	0.509662	0.507414	0.514039	0.514613	0.534207	0.560865	0.579508	0.518739	0.5263	0.528359
16350at7041	0.541838	0.541838	0.554667	0.00323063	0.567851	0.0374408	0.523343	0.523343	0.50695	0.50695	0.592456	0.0369402	0.571531	0.585954	0.585954	N/A	0.501608	0.528193	0.50617	0.509662	0.507414	0.514039	0.514613	0.0173854	0.560865	0.579508	0.518739	0.5263	0.528359
1637at7041	0.0426835	0.117826	0.60054	0.101823	0.567851	0.0133013	0.523343	0.523343	0.52042	0.52042	0.241028	0.192536	0.0129558	0.650423	0.0894601	N/A	0.503208	0.554025	0.512226	0.519045	0.514664	0.52749	0.528588	0.564945	0.166515	0.0825118	0.53643	0.550543	0.554328
16408at7041	1.03442e-13	0.5785	0.15098	0.567851	0.00323063	0.194791	0.545064	0.545064	0.50695	0.50695	0.592456	0.0369402	0.571531	0.585954	0.585954	N/A	0.501608	0.528193	0.00309449	0.519045	0.514664	0.52749	0.528588	0.564945	0.610853	0.579508	0.518739	0.5263	0.528359
16453at7041	0.00998214	0.16744	0.211192	0.145793	0.596518	0.111593	0.565289	0.565289	0.513756	0.513756	0.322654	0.0104325	0.110117	0.0156387	0.132764	N/A	0.5048	0.577714	0.518171	0.528158	0.521753	0.540379	0.541956	0.592603	0.652111	0.287176	0.55314	0.572908	0.578131
16454at7041	0.541838	0.541838	0.60054	0.567851	0.101823	0.629592	0.523343	0.523343	0.513756	0.513756	0.241028	0.00409085	0.0739673	0.0894601	0.650423	N/A	0.503208	0.554025	0.512226	0.519045	0.514664	0.52749	0.0428846	0.564945	0.166515	0.640587	0.53643	0.550543	0.554328
16455at7041	0.000146143	0.117826	0.15098	0.00323063	0.567851	0.0749732	0.523343	0.523343	0.50695	0.50695	0.241028	0.192536	0.000727189	0.00631316	0.0187504	N/A	0.503208	0.554025	0.512226	0.519045	0.514664	0.52749	0.528588	0.564945	0.166515	0.211416	0.53643	0.550543	0.554328
16480at7041	0.0213369	0.541838	0.554667	0.535827	0.535827	0.572473	0.545064	0.545064	0.513756	0.513756	0.660118	0.571531	0.571531	0.00631316	0.00125795	N/A	0.503208	0.554025	0.512226	0.0285688	0.507414	0.514039	0.514613	0.534207	0.610853	0.640587	0.53643	0.0758327	0.554328
16616at7041	0.5785	0.00441025	0.15098	0.567851	0.101823	0.0749732	0.545064	0.545064	0.50695	0.50695	0.241028	0.00409085	0.628099	0.226315	0.650423	N/A	0.503208	0.554025	0.512226	0.519045	0.514664	0.52749	0.528588	0.564945	0.610853	0.211416	0.53643	0.550543	0.554328
16618at7041	0.541838	0.541838	0.554667	0.535827	2.42672e-05	0.572473	0.523343	0.523343	0.00348711	0.50695	0.592456	0.571531	0.571531	0.585954	0.0446375	N/A	0.501608	0.528193	0.50617	0.509662	0.507414	0.514039	0.514613	0.534207	0.560865	0.579508	0.518739	0.5263	0.528359
16672at7041	0.000912192	0.541838	0.0812102	0.535827	0.535827	0.0374408	0.523343	0.523343	0.50695	0.50695	0.592456	0.571531	0.571531	0.585954	0.0446375	N/A	0.501608	0.528193	0.50617	0.509662	0.507414	0.514039	0.514613	0.534207	0.560865	0.579508	0.518739	0.5263	0.528359
16685at7041	0.0638525	0.610696	0.60054	0.567851	0.567851	0.629592	0.523343	0.523343	0.00697424	0.513756	0.660118	0.00409085	0.0739673	0.226315	0.0187504	N/A	0.503208	0.554025	0.512226	0.519045	0.514664	0.52749	0.0147178	0.564945	0.166515	0.640587	0.53643	0.550543	0.554328
16699at7041	0.541838	0.541838	0.554667	0.535827	2.42672e-05	0.572473	0.523343	0.523343	0.0104132	0.50695	0.592456	0.571531	0.571531	0.585954	0.00401757	N/A	0.501608	0.528193	0.50617	0.509662	0.507414	0.514039	0.514613	0.534207	0.560865	0.579508	0.518739	0.5263	0.528359
16739at7041	0.541838	0.541838	0.554667	0.0534078	0.000664983	0.572473	0.523343	0.523343	0.50695	0.50695	0.592456	0.571531	0.571531	0.585954	0.000361598	N/A	0.501608	0.528193	0.50617	0.509662	0.507414	0.514039	0.514613	0.534207	0.560865	0.579508	0.518739	0.5263	0.528359
16802at7041	2.17743e-05	0.610696	0.639181	0.567851	0.567851	0.266757	0.565289	0.035384	0.513756	0.0206342	0.710309	0.263959	1.80257e-06	0.305169	0.132764	N/A	0.5048	0.577714	0.518171	0.528158	0.521753	0.540379	0.541956	0.139828	0.652111	0.287176	0.55314	0.572908	0.578131
16811at7041	0.5785	0.5785	0.0561004	0.567851	0.101823	0.629592	0.523343	0.523343	0.0104132	0.50695	0.241028	0.192536	0.628099	0.0894601	0.650423	N/A	0.503208	0.554025	0.512226	0.519045	0.514664	0.52749	0.528588	0.564945	0.166515	0.211416	0.53643	0.550543	0.554328
16813at7041	0.541838	0.541838	0.0280358	0.535827	0.000664983	0.572473	0.523343	0.523343	0.00348711	0.50695	0.592456	0.571531	0.571531	0.585954	0.585954	N/A	0.501608	0.528193	0.50617	0.509662	0.507414	0.514039	0.514613	0.534207	0.560865	0.579508	0.518739	0.5263	0.528359
16864at7041	0.5785	0.00441025	0.554667	0.535827	0.535827	0.572473	0.035384	0.565289	0.50695	0.50695	0.592456	0.105917	0.00274431	0.585954	0.585954	N/A	0.501608	0.528193	0.50617	0.509662	0.507414	0.514039	0.00735884	0.534207	0.00196659	0.579508	0.518739	0.5263	0.528359
16930at7041	0.541838	0.541838	0.639181	0.145793	0.00737531	0.266757	0.545064	0.0676096	0.526947	0.0139452	0.322654	0.263959	2.75241e-20	4.51938e-05	0.0156387	N/A	0.5048	0.577714	0.518171	0.528158	0.521753	0.540379	0.000348599	0.592603	0.231188	0.122632	0.55314	0.572908	0.578131
16951at7041	0.00998214	0.16744	0.211192	0.567851	0.567851	0.674947	0.565289	0.565289	0.0104605	0.0306672	0.143	0.263959	1.80257e-06	0.00101083	0.0397718	N/A	0.5048	0.577714	0.518171	0.528158	0.521753	0.540379	0.541956	0.139828	0.652111	0.687947	0.55314	0.572908	0.578131
16967at7041	0.610696	0.610696	0.554667	0.0534078	0.535827	0.572473	0.523343	0.523343	0.50695	0.50695	0.592456	0.571531	0.571531	0.585954	0.0446375	N/A	0.501608	0.528193	0.50617	0.509662	0.507414	0.514039	0.000108328	0.534207	0.560865	0.579508	0.518739	0.5263	0.528359
17098at7041	0.000420732	0.610696	0.0837712	0.567851	0.000841522	0.629592	0.523343	0.523343	0.513756	0.513756	0.241028	0.628099	0.192536	0.650423	0.226315	N/A	0.503208	0.554025	0.512226	0.519045	0.514664	0.0141363	0.541956	0.564945	0.166515	0.640587	0.53643	0.550543	0.554328
17127at7041	0.000420732	0.610696	0.639181	0.0364496	0.101823	0.629592	0.523343	0.523343	0.50695	0.50695	0.660118	0.571531	0.571531	0.0894601	0.226315	N/A	0.503208	0.554025	0.512226	0.519045	0.514664	0.0141363	0.541956	0.564945	0.166515	0.211416	0.53643	0.0758327	0.554328
17168at7041	0.5785	0.5785	0.15098	0.0364496	0.567851	0.0749732	0.0236098	0.545064	0.50695	0.50695	0.592456	0.105917	0.571531	0.585954	0.585954	N/A	0.501608	0.528193	0.00309449	0.519045	0.514664	0.52749	0.528588	0.564945	0.610853	0.579508	0.518739	0.5263	0.528359
17223at7041	1.66724e-06	0.541838	0.554667	0.535827	0.535827	0.572473	0.523343	0.523343	0.513756	0.513756	0.0481298	0.571531	0.571531	0.0446375	0.585954	N/A	0.501608	0.528193	0.50617	0.509662	0.507414	0.514039	0.514613	0.534207	0.560865	0.0411888	0.518739	0.5263	0.528359
17224at7041	0.541838	3.04725e-09	0.554667	0.535827	0.535827	0.572473	0.523343	0.523343	0.50695	0.50695	0.592456	0.571531	0.571531	0.0446375	0.585954	N/A	0.501608	0.528193	0.50617	0.509662	0.507414	0.514039	0.514613	0.534207	0.560865	0.579508	0.518739	0.5263	0.528359
17250at7041	0.541838	0.541838	0.554667	0.535827	0.0534078	0.572473	0.523343	0.000278846	0.50695	0.00348711	0.592456	0.571531	0.571531	0.585954	0.0446375	N/A	0.501608	0.528193	0.50617	0.509662	0.507414	0.514039	0.514613	0.534207	0.560865	0.579508	0.518739	0.5263	0.528359
17253at7041	0.541838	0.541838	0.554667	0.0545651	0.596518	0.572473	0.523343	0.523343	0.513756	0.513756	0.592456	0.571531	0.0369402	0.0446375	0.585954	N/A	0.501608	0.528193	0.50617	0.509662	0.507414	0.514039	0.514613	0.00060524	0.560865	0.0411888	0.518739	0.5263	0.528359
17292at7041	0.541838	0.000912192	0.554667	0.535827	0.535827	0.572473	0.523343	0.523343	0.00348711	0.50695	0.241028	0.0739673	0.628099	0.650423	0.0187504	N/A	0.503208	0.0810597	0.50617	0.509662	0.507414	0.514039	0.514613	0.534207	0.560865	0.579508	0.53643	0.550543	0.554328
17324at7041	0.00998214	0.610696	0.639181	0.596518	0.00737531	0.629592	0.0676096	0.545064	0.0206342	0.000120931	0.0965099	0.571531	0.571531	0.650423	0.650423	N/A	0.503208	0.554025	0.512226	0.519045	0.00744132	0.540379	0.541956	0.592603	0.610853	0.640587	0.53643	0.0758327	0.554328
1732at7041	0.0213369	0.541838	0.554667	0.0182222	0.535827	0.572473	0.0118045	0.523343	0.50695	0.50695	0.592456	0.105917	0.00274431	0.0446375	0.585954	N/A	0.501608	0.528193	0.50617	0.509662	0.507414	0.514039	0.514613	0.534207	0.560865	0.579508	0.518739	0.5263	0.528359
17330at7041	0.000420732	0.610696	0.15098	0.101823	0.0364496	0.194791	2.54218e-05	0.0676096	0.00697424	0.513756	0.592456	0.571531	0.571531	0.226315	1.62725e-08	N/A	0.503208	0.554025	0.512226	0.519045	0.514664	0.52749	0.0147178	0.564945	0.610853	0.640587	0.0546523	0.5263	0.554328
17336at7041	0.541838	0.541838	0.554667	0.0182222	0.535827	0.00281961	0.000278846	0.523343	0.50695	0.50695	0.592456	0.105917	0.571531	0.585954	0.585954	N/A	0.501608	0.528193	0.50617	0.509662	0.507414	0.514039	0.514613	0.534207	0.560865	0.579508	0.518739	0.5263	0.528359
17341at7041	0.639032	0.0846998	0.00202021	0.596518	0.596518	0.194791	0.0676096	0.545064	0.50695	0.50695	0.660118	0.192536	0.0739673	0.226315	0.650423	N/A	0.503208	0.554025	0.512226	0.519045	0.00744132	0.0211977	0.554747	0.592603	0.610853	0.211416	0.53643	0.550543	0.554328
17366at7041	0.00441025	0.117826	0.60054	0.535827	0.535827	0.572473	0.523343	0.523343	0.50695	0.50695	0.592456	0.628099	0.628099	0.585954	0.0446375	N/A	0.501608	0.528193	0.50617	0.509662	0.507414	0.00706811	0.528588	0.534207	0.560865	0.579508	0.518739	0.013318	0.528359
17369at7041	0.00441025	0.117826	0.60054	0.535827	0.535827	0.572473	0.523343	0.523343	0.50695	0.50695	0.592456	0.571531	0.00274431	0.585954	0.585954	N/A	0.501608	0.528193	0.50617	0.509662	0.507414	0.00706811	0.528588	0.534207	0.560865	0.579508	0.518739	0.5263	0.528359
17393at7041	0.541838	0.0213369	0.554667	0.535827	0.0534078	0.572473	0.523343	0.523343	0.50695	0.50695	0.592456	0.571531	0.571531	0.585954	2.37288e-08	N/A	0.501608	0.528193	0.50617	0.509662	0.507414	0.514039	0.514613	0.534207	0.560865	0.579508	0.518739	0.5263	0.528359
17445at7041	0.541838	0.541838	0.554667	0.535827	3.23176e-08	0.0374408	0.523343	0.523343	0.50695	0.50695	0.592456	0.105917	0.571531	0.585954	0.585954	N/A	0.501608	0.528193	0.50617	0.509662	0.507414	0.514039	0.514613	0.534207	0.560865	0.579508	0.518739	0.5263	0.528359
17583at7041	0.117826	0.5785	0.15098	0.101823	0.0364496	0.0133013	0.0676096	0.545064	0.0206342	0.513756	0.592456	0.571531	0.571531	0.585954	0.585954	N/A	0.501608	0.0142894	0.512226	0.519045	0.514664	0.52749	0.528588	0.564945	0.610853	0.640587	0.518739	0.5263	0.528359
17629at7041	0.5785	0.5785	0.0837712	0.596518	0.596518	0.674947	0.0676096	0.545064	0.513756	0.0206342	0.660118	0.628099	0.628099	0.226315	0.650423	N/A	0.503208	0.554025	0.512226	0.00970847	0.521753	0.540379	0.0630981	0.592603	0.610853	0.640587	0.53643	0.550543	0.554328
17645at7041	0.0213369	0.541838	0.554667	0.0182222	0.535827	0.572473	0.523343	0.523343	0.50695	0.50695	0.592456	0.105917	0.571531	0.585954	0.000361598	N/A	0.501608	0.528193	0.50617	0.509662	0.507414	0.514039	0.514613	0.534207	0.560865	0.579508	0.518739	0.5263	0.528359
17674at7041	0.000912192	0.541838	0.554667	0.0182222	0.535827	0.0374408	0.0118045	0.523343	0.50695	0.50695	0.592456	0.571531	0.571531	0.585954	0.585954	N/A	0.501608	0.528193	0.50617	0.509662	0.507414	0.514039	0.514613	0.534207	0.560865	0.579508	0.518739	0.5263	0.528359
1768at7041	0.541838	0.0213369	0.554667	0.0724747	0.622221	0.572473	0.523343	0.523343	0.50695	0.50695	0.592456	0.571531	0.571531	0.585954	1.13531e-15	N/A	0.501608	0.528193	0.50617	0.509662	0.507414	0.514039	0.514613	2.10702e-05	0.560865	0.579508	0.518739	0.5263	0.528359
17698at7041	0.0426835	0.5785	0.554667	0.535827	0.000664983	0.572473	0.523343	0.523343	0.50695	0.50695	0.592456	0.105917	0.571531	0.585954	0.585954	N/A	0.501608	0.528193	0.50617	0.509662	0.507414	0.514039	0.00735884	0.534207	0.560865	0.579508	0.518739	0.5263	0.528359
17703at7041	0.541838	0.541838	0.0561004	0.101823	0.567851	0.629592	0.523343	0.523343	0.513756	0.00697424	0.660118	0.628099	0.0739673	0.585954	0.585954	N/A	0.503208	0.554025	0.512226	0.519045	0.514664	0.52749	0.0428846	0.564945	0.166515	0.640587	0.53643	0.550543	0.0815155
17785at7041	0.000912192	0.541838	0.0280358	0.535827	0.535827	0.572473	0.523343	0.523343	0.513756	0.513756	0.592456	0.571531	0.0369402	0.585954	0.00401757	N/A	0.501608	0.528193	0.50617	0.509662	0.507414	0.514039	0.514613	0.534207	0.560865	0.0411888	0.518739	0.5263	0.528359
17798at7041	1.29546e-06	0.00323441	0.639181	0.596518	0.596518	0.00421846	0.565289	0.00317955	0.50695	0.50695	0.0481298	0.571531	0.571531	0.585954	0.585954	N/A	0.501608	0.528193	0.00309449	0.519045	0.00744132	0.540379	0.541956	0.592603	0.062636	0.579508	0.518739	0.5263	0.528359
17799at7041	0.0213369	0.541838	0.554667	0.535827	0.0534078	0.572473	0.523343	0.523343	0.50695	0.50695	0.592456	0.571531	0.0369402	3.25453e-05	0.585954	N/A	0.501608	0.528193	0.50617	0.509662	0.507414	0.514039	0.514613	0.534207	0.560865	0.579508	0.518739	0.5263	0.528359
17801at7041	0.00609706	0.0846998	0.0283449	0.0724747	0.00440288	0.146692	0.047099	0.584131	0.0306672	0.52042	0.00105341	0.0188163	0.0462935	0.0156387	0.699327	N/A	0.506385	0.599458	0.524006	0.537009	0.528685	0.552734	0.554747	0.617526	0.686344	0.348978	0.568929	0.593557	0.151513
17806at7041	0.117826	0.0426835	0.00754622	0.535827	0.535827	0.572473	0.523343	0.523343	0.50695	0.00348711	0.592456	0.571531	0.00274431	0.585954	2.92921e-06	N/A	0.501608	0.528193	0.50617	0.509662	0.507414	0.00706811	0.528588	0.534207	0.560865	0.579508	0.518739	0.5263	0.528359
17821at7041	0.541838	0.541838	0.0812102	0.535827	0.0182222	0.572473	0.523343	0.523343	0.50695	0.50695	0.660118	0.571531	0.571531	0.699327	0.00347594	N/A	0.503208	0.0810597	0.50617	0.509662	0.507414	0.514039	0.514613	0.534207	0.560865	0.579508	0.53643	0.0758327	0.0287509
17833at7041	0.5785	0.5785	0.554667	0.535827	0.535827	0.572473	0.0118045	0.523343	0.50695	0.00348711	0.592456	0.571531	0.571531	0.585954	0.0446375	N/A	0.501608	0.528193	0.50617	0.509662	0.507414	0.514039	0.00735884	0.534207	0.560865	0.579508	0.518739	0.5263	0.528359
17901at7041	0.541838	0.000912192	0.0280358	0.535827	0.535827	0.572473	0.523343	0.523343	0.50695	0.50695	0.592456	0.105917	0.571531	0.585954	0.00401757	N/A	0.501608	0.528193	0.50617	0.509662	0.507414	0.514039	0.514613	0.534207	0.560865	0.579508	0.518739	0.5263	0.528359
17909at7041	0.0213369	0.541838	0.554667	0.535827	0.000664983	0.0374408	0.523343	0.523343	0.50695	0.50695	0.592456	0.105917	0.571531	0.0446375	0.585954	N/A	0.501608	0.528193	0.50617	0.509662	0.507414	0.514039	0.514613	0.534207	0.560865	0.579508	0.518739	0.5263	0.528359
17956at7041	0.5785	0.5785	0.60054	0.535827	0.535827	0.000756164	0.523343	0.523343	0.50695	0.50695	0.241028	0.628099	0.0739673	0.226315	0.0187504	N/A	0.503208	0.554025	0.512226	0.519045	0.514664	0.52749	0.528588	0.0974584	0.166515	0.211416	0.53643	0.550543	0.554328
17958at7041	0.541838	0.541838	8.87052e-05	0.535827	0.535827	0.0374408	0.523343	0.523343	0.50695	0.50695	0.592456	0.571531	0.0369402	0.585954	0.585954	N/A	0.501608	0.528193	0.50617	0.509662	0.507414	0.514039	0.514613	0.534207	0.560865	0.579508	0.518739	0.5263	0.528359
17981at7041	0.0213369	0.541838	0.554667	0.535827	0.535827	0.572473	0.523343	0.523343	0.513756	0.513756	0.592456	0.571531	0.00274431	0.585954	2.63642e-07	N/A	0.501608	0.528193	0.50617	0.509662	0.507414	0.514039	0.514613	0.534207	0.560865	0.0411888	0.518739	0.5263	0.528359
18006at7041	7.7756e-06	0.5785	0.60054	0.567851	0.567851	0.572473	0.523343	0.523343	0.50695	0.50695	0.592456	0.105917	0.571531	0.585954	0.0446375	N/A	0.501608	0.528193	0.50617	0.509662	0.00372065	0.52749	0.528588	0.564945	0.560865	0.579508	0.518739	0.5263	0.528359
18048at7041	0.541838	0.541838	0.554667	0.535827	0.535827	0.0374408	0.523343	0.523343	0.50695	2.43211e-05	0.592456	0.105917	0.0369402	0.585954	0.0446375	N/A	0.501608	0.528193	0.50617	0.509662	0.507414	0.514039	0.514613	0.534207	0.560865	0.579508	0.518739	0.5263	0.528359
18062at7041	0.541838	0.541838	0.0280358	0.535827	0.535827	0.00281961	0.0118045	0.523343	0.50695	0.50695	0.592456	0.105917	0.571531	0.585954	0.585954	N/A	0.501608	0.528193	0.50617	0.509662	0.507414	0.514039	0.514613	0.534207	0.560865	0.579508	0.518739	0.5263	0.528359
18081at7041	0.541838	0.541838	0.001577	0.535827	0.535827	0.0374408	0.523343	0.523343	0.50695	0.50695	0.592456	0.00274431	0.571531	0.585954	0.0446375	N/A	0.501608	0.528193	0.50617	0.509662	0.507414	0.514039	0.514613	0.534207	0.560865	0.579508	0.518739	0.5263	0.528359
18118at7041	0.541838	0.541838	0.554667	0.535827	0.535827	0.572473	0.523343	0.523343	0.00348711	0.50695	0.592456	0.571531	0.105917	0.585954	2.63642e-07	N/A	0.501608	0.528193	0.50617	0.509662	0.507414	0.514039	0.514613	0.534207	0.560865	0.579508	0.518739	0.5263	0.528359
18184at7041	0.541838	0.000912192	0.554667	0.567851	0.567851	0.572473	0.0118045	0.523343	0.50695	0.50695	0.0481298	0.571531	0.0369402	0.585954	0.585954	N/A	0.501608	0.528193	0.50617	0.509662	0.507414	0.514039	0.514613	0.0173854	0.560865	0.579508	0.518739	0.5263	0.528359
18197at7041	0.541838	0.0213369	0.554667	0.535827	0.535827	1.59911e-05	0.523343	0.523343	0.50695	0.50695	0.592456	0.571531	0.571531	0.0446375	0.585954	N/A	0.501608	0.528193	0.50617	0.509662	0.507414	0.514039	0.514613	0.534207	0.560865	0.579508	0.518739	0.5263	0.528359
18213at7041	0.0213369	0.541838	0.554667	0.535827	0.535827	0.000212341	0.523343	0.523343	0.50695	0.50695	0.592456	0.571531	0.571531	0.0894601	0.650423	N/A	0.501608	0.528193	0.50617	0.509662	0.507414	0.514039	0.514613	0.534207	0.560865	0.579508	0.518739	0.5263	0.0143744
18251at7041	0.541838	0.541838	0.0280358	0.535827	0.535827	0.00281961	0.545064	0.545064	0.50695	0.50695	0.592456	0.571531	0.571531	0.0446375	0.126906	N/A	0.501608	0.528193	0.50617	0.509662	0.507414	0.514039	0.514613	0.534207	0.0312956	0.579508	0.518739	0.5263	0.528359
18268at7041	0.5785	0.5785	0.554667	0.535827	0.535827	0.572473	2.05095e-12	0.523343	0.50695	0.50695	0.592456	0.105917	0.571531	0.585954	0.000361598	N/A	0.501608	0.528193	0.50617	0.509662	0.507414	0.514039	0.00735884	0.534207	0.560865	0.579508	0.518739	0.5263	0.528359
18278at7041	2.17743e-05	0.610696	0.0837712	0.535827	0.535827	0.194791	0.523343	0.523343	0.513756	0.00697424	0.660118	0.628099	0.0129558	0.650423	0.000140171	N/A	0.503208	0.554025	0.512226	0.519045	0.514664	0.0141363	0.541956	0.0974584	0.166515	0.640587	0.53643	0.550543	0.554328
18321at7041	0.5785	0.117826	1.00114e-07	0.101823	0.567851	0.000756164	0.0676096	0.00136836	0.0206342	0.513756	0.241028	0.192536	0.0739673	0.226315	0.650423	N/A	0.503208	0.554025	0.512226	0.519045	0.514664	0.52749	0.528588	0.564945	0.610853	0.640587	0.53643	0.550543	0.554328
18327at7041	0.541838	0.541838	0.554667	0.535827	0.535827	7.06596e-18	0.523343	0.523343	0.50695	0.50695	0.592456	0.571531	0.571531	0.585954	0.585954	N/A	0.501608	0.528193	0.50617	0.509662	0.507414	0.514039	0.514613	0.534207	0.560865	0.579508	0.518739	0.5263	0.528359
18350at7041	0.5785	0.117826	0.60054	0.567851	0.0364496	0.572473	0.523343	0.523343	0.50695	0.50695	0.0481298	0.105917	0.571531	0.585954	0.585954	N/A	0.501608	0.528193	0.50617	0.509662	0.00372065	0.52749	0.528588	0.564945	0.560865	0.579508	0.518739	0.5263	0.528359
18379at7041	0.541838	0.000912192	0.554667	0.535827	0.535827	0.572473	0.523343	0.523343	0.50695	0.00348711	0.592456	0.0369402	0.571531	0.0446375	0.585954	N/A	0.501608	0.528193	0.50617	0.509662	0.507414	0.514039	0.514613	0.534207	0.560865	0.579508	0.518739	0.5263	0.528359
18387at7041	0.117826	0.5785	0.00754622	0.101823	0.567851	0.194791	0.523343	0.523343	0.50695	0.50695	0.241028	0.628099	0.628099	0.226315	0.650423	N/A	0.503208	0.554025	0.512226	0.519045	0.514664	0.52749	0.528588	0.564945	0.166515	0.211416	0.53643	0.550543	0.554328
18397at7041	0.5785	0.0426835	0.60054	0.535827	0.535827	0.194791	0.523343	0.523343	0.513756	0.00697424	0.241028	0.628099	6.70025e-05	0.226315	0.00125795	N/A	0.503208	0.554025	0.512226	0.519045	0.514664	0.52749	0.528588	0.0974584	0.166515	0.640587	0.53643	0.550543	0.554328
18434at7041	0.541838	0.541838	0.554667	0.535827	0.000664983	0.0374408	0.523343	0.523343	0.50695	0.50695	0.592456	0.105917	0.0369402	0.585954	0.0446375	N/A	0.501608	0.528193	0.50617	0.509662	0.507414	0.514039	0.514613	0.534207	0.560865	0.579508	0.518739	0.5263	0.528359
18443at7041	0.541838	0.541838	0.554667	0.535827	0.535827	0.00281961	0.523343	0.523343	0.50695	0.00348711	0.0481298	0.571531	0.571531	0.585954	0.00401757	N/A	0.501608	0.528193	0.50617	0.509662	0.507414	0.514039	0.514613	0.534207	0.560865	0.579508	0.518739	0.5263	0.528359
18449at7041	0.5785	0.5785	0.554667	0.535827	0.0182222	0.572473	0.523343	0.523343	0.50695	0.50695	0.592456	0.105917	0.0369402	0.0446375	0.585954	N/A	0.501608	0.528193	0.50617	0.509662	0.507414	0.514039	0.00735884	0.534207	0.560865	0.579508	0.518739	0.5263	0.528359
18490at7041	0.00010418	0.664028	0.671865	0.567851	0.101823	0.629592	0.545064	0.545064	0.50695	0.50695	0.660118	6.70025e-05	0.628099	0.0894601	0.650423	N/A	0.503208	0.554025	0.512226	0.519045	0.514664	0.000494091	0.0294054	0.564945	0.610853	0.211416	0.53643	0.550543	0.554328
18534at7041	0.541838	0.541838	0.554667	0.567851	0.101823	0.0749732	0.523343	0.523343	0.0206342	0.00697424	2.17584e-05	0.628099	0.628099	0.226315	1.60473e-10	N/A	0.503208	0.554025	0.512226	0.519045	0.514664	0.0412373	0.514613	0.564945	0.166515	0.640587	0.53643	0.550543	0.554328
18577at7041	0.541838	0.541838	0.0280358	0.0182222	0.535827	0.00281961	0.523343	0.523343	0.50695	0.50695	0.592456	0.571531	0.0369402	0.585954	0.585954	N/A	0.501608	0.528193	0.50617	0.509662	0.507414	0.514039	0.514613	0.534207	0.560865	0.579508	0.518739	0.5263	0.528359
18582at7041	7.7756e-06	0.117826	0.60054	0.596518	0.0545651	0.194791	0.523343	0.523343	0.52042	0.52042	0.0965099	0.571531	0.571531	0.699327	0.00347594	N/A	0.503208	0.554025	0.512226	0.519045	0.514664	0.52749	0.528588	0.0347752	0.166515	0.0825118	0.53643	0.0758327	0.0287509
18597at7041	0.5785	0.5785	0.0561004	0.101823	9.18246e-05	0.572473	0.523343	0.523343	0.00348711	0.50695	0.592456	0.105917	0.0369402	0.585954	0.585954	N/A	0.501608	0.528193	0.50617	0.509662	0.00372065	0.52749	0.528588	0.564945	0.560865	0.579508	0.518739	0.5263	0.528359
18611at7041	0.5785	0.5785	0.60054	0.567851	4.17308e-06	0.0749732	0.545064	0.545064	0.0206342	0.513756	0.660118	0.628099	0.628099	0.650423	0.0187504	N/A	0.503208	0.554025	0.512226	0.519045	0.514664	0.52749	0.528588	0.564945	0.610853	0.640587	0.53643	0.550543	0.554328
1861at7041	0.541838	0.541838	0.554667	0.535827	0.535827	1.20427e-06	0.523343	0.523343	0.50695	0.50695	0.592456	0.571531	0.571531	0.0446375	0.585954	N/A	0.501608	0.528193	0.50617	0.509662	0.507414	0.514039	0.514613	0.534207	0.560865	0.579508	0.518739	0.5263	0.528359
18655at7041	0.0426835	0.5785	0.00754622	0.567851	0.567851	0.194791	0.523343	0.523343	0.000287479	0.52042	0.136323	0.571531	0.0369402	0.585954	0.585954	N/A	0.501608	0.0142894	0.512226	0.519045	0.514664	0.52749	0.528588	0.564945	0.166515	0.0825118	0.518739	0.5263	0.528359
18660at7041	0.5785	0.0426835	0.554667	0.535827	0.535827	0.572473	0.523343	0.523343	0.50695	0.50695	0.592456	0.571531	0.571531	0.00401757	0.126906	N/A	0.501608	0.528193	0.50617	0.509662	0.507414	0.514039	0.00735884	0.534207	0.560865	0.579508	0.518739	0.5263	0.528359
18677at7041	0.0213369	0.541838	0.0280358	0.535827	0.000664983	0.572473	0.523343	0.523343	0.50695	0.50695	0.592456	0.571531	0.571531	0.585954	0.0446375	N/A	0.501608	0.528193	0.50617	0.509662	0.507414	0.514039	0.514613	0.534207	0.560865	0.579508	0.518739	0.5263	0.528359
1868at7041	0.541838	0.541838	0.554667	0.535827	0.000664983	0.0374408	0.523343	0.523343	0.50695	0.00348711	0.592456	0.571531	0.571531	0.585954	0.585954	N/A	0.501608	0.528193	0.50617	0.509662	0.507414	0.514039	0.514613	0.534207	0.560865	0.579508	0.518739	0.5263	0.528359
18743at7041	0.541838	0.541838	0.554667	0.535827	0.0182222	0.572473	4.1791e-13	0.0676096	0.513756	0.513756	0.592456	0.571531	0.571531	0.585954	0.585954	N/A	0.501608	0.528193	0.50617	0.509662	0.507414	0.514039	0.514613	0.534207	0.0312956	0.0411888	0.518739	0.5263	0.528359
18778at7041	0.0213369	0.541838	0.0280358	0.0182222	0.535827	0.572473	0.0118045	0.523343	0.50695	0.50695	0.592456	0.0369402	0.571531	0.585954	0.0446375	N/A	0.501608	0.528193	0.50617	0.509662	0.507414	0.514039	0.514613	0.534207	0.560865	0.579508	0.518739	0.5263	0.528359
18833at7041	3.8998e-05	0.541838	0.554667	0.535827	0.535827	0.572473	0.523343	0.523343	0.50695	0.50695	0.592456	0.105917	0.571531	0.585954	0.0446375	N/A	0.501608	0.528193	0.50617	0.509662	0.507414	0.514039	0.514613	0.534207	0.560865	0.579508	0.518739	0.5263	0.528359
18856at7041	0.16309	0.723135	0.086496	0.645305	0.645305	0.674947	0.565289	0.565289	0.52042	0.52042	0.241028	0.192536	0.628099	0.736876	0.173633	N/A	0.5048	0.577714	0.518171	0.528158	0.000326946	7.23337e-05	0.600675	0.640016	0.652111	0.687947	0.0799818	0.550543	0.0430715
18889at7041	0.0213369	0.541838	0.554667	0.535827	2.42672e-05	0.572473	0.523343	0.523343	0.50695	0.50695	0.592456	0.105917	0.571531	0.585954	0.585954	N/A	0.501608	0.528193	0.50617	0.509662	0.507414	0.514039	0.514613	0.534207	0.560865	0.579508	0.518739	0.5263	0.528359
19010at7041	0.541838	3.04725e-09	0.554667	0.535827	0.535827	0.572473	3.48096e-05	4.59291e-62	0.50695	0.50695	0.592456	0.571531	0.571531	0.585954	0.585954	N/A	0.501608	0.528193	0.50617	0.509662	0.507414	0.514039	0.514613	0.534207	0.000123579	0.579508	0.518739	0.5263	0.528359
19011at7041	0.541838	0.0213369	0.554667	0.0182222	0.535827	0.572473	0.0118045	0.523343	0.50695	0.50695	0.592456	0.0369402	0.571531	0.585954	0.0446375	N/A	0.501608	0.528193	0.50617	0.509662	0.507414	0.514039	0.514613	0.534207	0.560865	0.579508	0.518739	0.5263	0.528359
19013at7041	0.000146143	0.5785	0.15098	0.101823	0.567851	0.0749732	0.545064	0.0676096	0.50695	0.50695	0.241028	0.00409085	0.0739673	0.226315	0.0894601	N/A	0.503208	0.554025	0.512226	0.519045	0.514664	0.52749	0.528588	0.564945	0.610853	0.211416	0.53643	0.550543	0.554328
19016at7041	0.000912192	0.541838	0.554667	0.535827	0.535827	0.572473	0.523343	0.523343	0.50695	0.00348711	0.592456	0.0369402	0.571531	0.585954	0.0446375	N/A	0.501608	0.528193	0.50617	0.509662	0.507414	0.514039	0.514613	0.534207	0.560865	0.579508	0.518739	0.5263	0.528359
19106at7041	0.639032	0.211884	0.110752	0.622221	0.00440288	0.00145668	0.0056317	0.12726	0.526947	0.0139452	0.387259	0.0188163	0.00435147	0.0276023	0.736876	N/A	0.506385	0.599458	0.524006	0.537009	0.528685	0.552734	0.554747	0.617526	0.686344	0.72504	0.568929	0.593557	0.59997
19108at7041	0.541838	0.541838	0.0280358	0.535827	0.535827	0.572473	0.523343	1.55597e-07	0.50695	0.50695	0.592456	0.571531	0.571531	0.585954	0.585954	N/A	0.501608	0.528193	0.50617	0.509662	0.507414	0.514039	0.514613	0.534207	0.560865	0.579508	0.518739	0.5263	0.528359
19123at7041	0.000146143	0.117826	0.0561004	0.567851	0.567851	0.0133013	0.523343	0.523343	0.50695	0.50695	0.592456	0.105917	0.571531	0.650423	0.0894601	N/A	0.503208	0.554025	0.512226	0.519045	0.514664	0.52749	0.528588	0.564945	0.166515	0.211416	0.0546523	0.5263	0.554328
19136at7041	0.541838	0.541838	0.0812102	0.567851	0.0364496	0.572473	0.523343	0.523343	0.50695	0.50695	0.592456	0.000203876	0.571531	0.585954	0.585954	N/A	0.501608	0.528193	0.50617	0.509662	0.507414	0.514039	0.514613	0.0173854	0.560865	0.579508	0.518739	0.5263	0.528359
19141at7041	0.610696	0.610696	0.15098	0.567851	0.00323063	0.572473	0.523343	0.523343	0.50695	0.50695	0.0481298	0.571531	0.571531	0.585954	0.0446375	N/A	0.501608	0.528193	0.50617	0.509662	0.00372065	0.52749	0.0147178	0.564945	0.560865	0.579508	0.518739	0.5263	0.528359
19150at7041	1.66724e-06	0.541838	0.554667	0.535827	0.535827	0.572473	0.0118045	0.523343	0.50695	0.50695	0.592456	0.00274431	0.571531	0.585954	0.0446375	N/A	0.501608	0.528193	0.50617	0.509662	0.507414	0.514039	0.514613	0.534207	0.560865	0.579508	0.518739	0.5263	0.528359
19292at7041	4.22245e-29	2.56659e-12	0.0204939	0.000568511	0.666069	4.25018e-06	0.30586	1.5879e-14	0.0959616	7.13758e-05	4.55442e-05	0.00480186	0.208612	2.21793e-06	4.81008e-17	N/A	0.511093	0.0983683	0.546297	0.569962	0.554926	0.00802599	0.620834	0.0162126	0.00198325	0.0762171	0.16969	0.630282	0.655424
19323at7041	0.117826	0.5785	0.0561004	0.535827	0.535827	0.0133013	0.523343	0.523343	0.50695	0.50695	0.592456	0.0369402	0.571531	0.126906	0.585954	N/A	0.501608	0.528193	0.50617	0.00485422	0.514664	0.52749	0.528588	0.0974584	0.560865	0.579508	0.518739	0.5263	0.528359
19343at7041	0.541838	0.541838	0.554667	0.535827	0.535827	0.00281961	0.523343	0.523343	0.50695	0.50695	0.592456	0.571531	0.0369402	0.650423	0.00125795	N/A	0.501608	0.528193	0.50617	0.509662	0.507414	0.514039	0.514613	0.534207	0.560865	0.579508	0.518739	0.5263	0.0143744
19405at7041	0.541838	0.541838	0.554667	0.535827	0.535827	0.0374408	6.58692e-06	0.523343	0.50695	0.50695	0.592456	0.105917	0.571531	0.585954	0.585954	N/A	0.501608	0.528193	0.50617	0.509662	0.507414	0.514039	0.514613	0.534207	0.560865	0.579508	0.518739	0.5263	0.528359
19417at7041	0.639032	0.211884	7.89325e-08	0.535827	0.535827	0.146692	0.545064	0.545064	0.52042	0.52042	0.00325751	0.70933	7.36775e-05	0.368525	4.93338e-14	N/A	0.506385	0.599458	0.524006	0.537009	0.528685	0.552734	0.554747	0.0001212	0.0134098	0.348978	0.568929	0.593557	0.59997
19495at7041	0.117826	0.00441025	0.15098	0.567851	0.567851	0.629592	0.0676096	0.545064	0.513756	0.513756	0.00751129	0.628099	0.192536	0.226315	0.0894601	N/A	0.503208	0.554025	0.512226	0.519045	0.514664	0.52749	0.528588	0.564945	0.610853	0.640587	0.53643	0.550543	0.554328
19496at7041	0.610696	0.000420732	0.639181	0.567851	0.101823	0.674947	0.565289	0.0983571	0.513756	0.513756	0.0183685	0.00774103	0.177684	0.00631316	0.650423	N/A	0.5048	0.577714	0.518171	0.528158	0.521753	0.540379	0.541956	0.139828	0.652111	0.287176	0.55314	0.00402139	0.117827
19605at7041	0.541838	0.0213369	0.0280358	0.535827	0.000664983	0.572473	0.523343	0.523343	0.50695	0.50695	0.0481298	0.571531	0.0369402	0.585954	0.585954	N/A	0.501608	0.528193	0.50617	0.509662	0.507414	0.514039	0.514613	0.534207	0.560865	0.579508	0.518739	0.5263	0.528359
19712at7041	0.541838	0.541838	0.554667	0.535827	0.000664983	0.0374408	0.523343	0.0118045	0.50695	0.00348711	0.592456	0.571531	0.571531	0.00401757	0.585954	N/A	0.501608	0.528193	0.50617	0.509662	0.507414	0.514039	0.514613	0.534207	0.560865	0.579508	0.518739	0.5263	0.528359
19729at7041	0.5785	0.00441025	0.15098	0.535827	0.535827	0.0749732	0.035384	0.565289	0.50695	0.50695	0.592456	0.105917	0.571531	0.585954	0.585954	N/A	0.501608	0.528193	0.00309449	0.519045	0.514664	0.52749	0.528588	0.0974584	0.062636	0.579508	0.518739	0.5263	0.528359
19735at7041	0.16744	0.0638525	0.0167662	0.567851	0.101823	0.0749732	0.0676096	0.545064	0.513756	0.513756	0.660118	0.0739673	0.628099	0.226315	0.0187504	N/A	0.503208	0.554025	0.512226	0.519045	0.514664	0.0141363	0.541956	0.564945	0.610853	0.640587	0.53643	0.550543	0.554328
19775at7041	0.541838	0.541838	0.554667	0.0182222	0.535827	0.0374408	0.523343	0.523343	0.50695	0.50695	0.00751129	0.628099	0.0129558	0.650423	0.0894601	N/A	0.503208	0.0810597	0.50617	0.509662	0.507414	0.514039	0.514613	0.534207	0.560865	0.579508	0.53643	0.550543	0.554328
19781at7041	0.639032	0.211884	0.00202021	0.567851	0.101823	0.00145668	0.584131	0.584131	0.539598	0.00118422	0.0183685	0.000528144	0.673159	0.064173	0.368525	N/A	0.506385	0.599458	0.524006	0.537009	0.528685	0.552734	0.554747	0.00399595	0.686344	0.0559217	0.104082	0.572908	0.59997
19795at7041	0.00323441	0.0638525	0.00578487	0.145793	0.596518	0.000187574	0.545064	0.545064	0.0104605	0.52042	0.710309	0.673159	0.263959	0.650423	0.226315	N/A	0.5048	0.577714	0.518171	0.528158	0.521753	0.540379	0.541956	0.592603	0.231188	0.687947	0.55314	0.572908	0.117827
19810at7041	0.541838	0.541838	0.001577	0.535827	0.0182222	0.572473	0.523343	0.523343	0.513756	0.513756	0.592456	0.571531	0.0369402	0.585954	0.585954	N/A	0.501608	0.528193	0.50617	0.509662	0.507414	0.514039	0.514613	0.534207	0.560865	0.0411888	0.518739	0.5263	0.528359
19878at7041	0.0213369	0.541838	0.554667	0.000664983	0.535827	0.0374408	0.523343	0.523343	0.50695	0.50695	0.592456	0.571531	0.0369402	0.585954	0.585954	N/A	0.501608	0.528193	0.50617	0.509662	0.507414	0.514039	0.514613	0.534207	0.560865	0.579508	0.518739	0.5263	0.528359
19888at7041	0.117826	0.000146143	0.60054	0.00323063	0.101823	0.0749732	0.545064	0.545064	0.513756	0.513756	0.592456	0.0369402	0.571531	0.585954	0.585954	N/A	0.501608	0.0142894	0.512226	0.519045	0.514664	0.52749	0.528588	0.564945	0.610853	0.640587	0.518739	0.5263	0.528359
19924at7041	0.541838	0.541838	4.98962e-06	0.535827	0.535827	0.0374408	0.0118045	0.523343	0.50695	0.50695	0.592456	0.571531	0.571531	0.585954	1.92222e-10	N/A	0.501608	0.528193	0.50617	0.509662	0.507414	0.514039	0.514613	0.534207	0.560865	0.579508	0.518739	0.5263	0.528359
19942at7041	0.0213369	0.541838	0.554667	0.535827	0.535827	0.572473	3.67552e-09	0.523343	0.50695	0.50695	0.592456	0.571531	0.0369402	0.585954	0.585954	N/A	0.501608	0.528193	0.50617	0.509662	0.507414	0.514039	0.514613	0.534207	0.560865	0.579508	0.518739	0.5263	0.528359
19945at7041	0.0426835	0.5785	0.554667	0.535827	0.535827	0.572473	0.523343	0.523343	0.50695	0.50695	0.00467713	0.571531	0.571531	0.585954	0.000361598	N/A	0.501608	0.528193	0.50617	0.509662	0.507414	0.514039	0.00735884	0.534207	0.560865	0.579508	0.518739	0.5263	0.528359
19974at7041	0.541838	0.541838	0.554667	0.535827	0.000664983	0.572473	0.523343	0.523343	0.50695	0.00348711	0.592456	0.571531	0.571531	0.0446375	0.585954	N/A	0.501608	0.528193	0.50617	0.509662	0.507414	0.514039	0.514613	0.534207	0.560865	0.579508	0.518739	0.5263	0.528359
19979at7041	0.541838	0.0213369	0.554667	0.535827	0.535827	7.06189e-05	0.523343	0.523343	0.513756	0.00697424	0.660118	0.192536	0.628099	0.226315	0.0894601	N/A	0.503208	0.554025	0.512226	0.519045	0.0219958	0.514039	0.514613	0.534207	0.166515	0.640587	0.53643	0.550543	0.554328
20027at7041	0.541838	0.541838	0.554667	0.535827	0.0182222	0.572473	0.523343	0.523343	0.50695	2.43211e-05	0.592456	0.105917	0.571531	0.585954	0.585954	N/A	0.501608	0.528193	0.50617	0.509662	0.507414	0.514039	0.514613	0.534207	0.560865	0.579508	0.518739	0.5263	0.528359
20046at7041	1.66724e-06	0.541838	0.554667	0.535827	0.535827	0.572473	0.523343	0.523343	0.50695	0.50695	0.592456	0.105917	0.571531	0.585954	0.585954	N/A	0.501608	0.528193	0.50617	0.509662	0.507414	0.514039	0.514613	0.534207	0.560865	0.579508	0.518739	0.5263	0.528359
20059at7041	0.0846998	0.211884	3.30555e-11	0.535827	0.535827	0.266757	0.545064	0.545064	0.526947	0.526947	0.710309	0.192536	0.628099	0.368525	3.80851e-11	N/A	0.5048	0.577714	0.518171	0.528158	0.521753	0.0211977	0.554747	0.00209627	0.231188	0.122632	0.55314	0.109902	0.0430715
20070at7041	0.541838	0.541838	0.554667	0.535827	0.535827	0.0374408	0.523343	0.523343	0.50695	0.50695	0.241028	0.673159	0.0280805	0.226315	0.00125795	N/A	0.503208	0.0810597	0.50617	0.509662	0.507414	0.514039	0.514613	0.534207	0.560865	0.579508	0.53643	0.0266374	0.554328
20120at7041	0.0426835	0.5785	0.60054	0.101823	0.0364496	0.0749732	0.0676096	0.545064	0.00697424	0.513756	0.660118	0.00409085	0.628099	0.650423	0.00125795	N/A	0.503208	0.554025	0.512226	0.519045	0.514664	0.52749	0.528588	0.564945	0.610853	0.640587	0.53643	0.550543	0.554328
20146at7041	0.541838	0.541838	0.0280358	0.567851	0.0364496	0.572473	0.523343	0.523343	0.50695	0.50695	0.660118	0.192536	0.628099	0.699327	0.000363519	N/A	0.503208	0.0810597	0.50617	0.509662	0.507414	0.514039	0.514613	0.0173854	0.560865	0.579508	0.53643	0.550543	0.0287509
20157at7041	0.541838	0.541838	0.0280358	0.535827	0.535827	0.572473	0.0118045	0.523343	0.00348711	0.50695	0.592456	0.0369402	0.571531	0.585954	0.585954	N/A	0.501608	0.528193	0.50617	0.509662	0.507414	0.514039	0.514613	0.534207	0.560865	0.579508	0.518739	0.5263	0.528359
20197at7041	0.0213369	0.541838	0.0280358	0.535827	0.000664983	0.107292	0.523343	0.523343	0.50695	0.50695	0.592456	0.0369402	0.571531	0.585954	0.585954	N/A	0.501608	0.528193	0.50617	0.509662	0.507414	0.514039	0.514613	0.534207	0.560865	0.579508	0.518739	0.5263	0.528359
20218at7041	0.541838	0.541838	0.554667	0.567851	0.00323063	0.0133013	0.545064	0.0676096	0.50695	0.50695	0.241028	0.192536	0.628099	0.650423	0.226315	N/A	0.503208	0.554025	0.512226	0.519045	0.514664	0.0412373	0.514613	0.564945	0.610853	0.211416	0.53643	0.550543	0.554328
20264at7041	0.00119135	0.5785	0.15098	0.567851	0.101823	0.0749732	0.0676096	0.545064	0.00697424	0.513756	0.592456	0.571531	0.571531	0.226315	0.00125795	N/A	0.503208	0.554025	0.512226	0.519045	0.514664	0.52749	0.528588	0.564945	0.610853	0.640587	0.0546523	0.5263	0.554328
20335at7041	0.5785	0.00441025	0.15098	0.535827	0.535827	0.629592	0.523343	0.523343	0.50695	0.50695	0.241028	0.628099	0.000727189	0.0187504	0.226315	N/A	0.503208	0.554025	0.512226	0.519045	0.514664	0.52749	0.528588	0.0974584	0.166515	0.211416	0.53643	0.550543	0.554328
20345at7041	0.0213369	0.541838	0.554667	0.535827	0.0182222	0.00281961	0.523343	0.0118045	0.00348711	0.50695	0.592456	0.571531	0.571531	0.585954	0.585954	N/A	0.501608	0.528193	0.50617	0.509662	0.507414	0.514039	0.514613	0.534207	0.560865	0.579508	0.518739	0.5263	0.528359
20367at7041	0.541838	0.0213369	0.001577	0.535827	0.0534078	0.0374408	0.523343	0.523343	0.50695	0.50695	0.592456	0.571531	0.571531	0.0446375	0.585954	N/A	0.501608	0.528193	0.50617	0.509662	0.507414	0.514039	0.514613	0.534207	0.560865	0.579508	0.518739	0.5263	0.528359
20369at7041	0.215461	0.0132772	0.776251	0.0347972	0.286034	0.0295158	0.12726	0.584131	0.533338	0.000821314	0.241028	0.192536	0.628099	0.0276023	0.00729895	N/A	0.506385	0.0569511	0.529734	0.545608	0.000932782	0.00623715	0.0107651	0.678742	0.333804	0.754401	0.00114141	0.550543	0.59997
20373at7041	0.541838	0.541838	0.554667	0.535827	0.535827	0.000212341	0.523343	0.523343	0.50695	0.00348711	0.592456	0.571531	0.571531	0.585954	0.0446375	N/A	0.501608	0.528193	0.50617	0.509662	0.507414	0.514039	0.514613	0.534207	0.560865	0.579508	0.518739	0.5263	0.528359
20530at7041	0.541838	0.541838	0.554667	0.567851	0.00323063	0.0374408	0.523343	0.523343	0.50695	0.50695	0.592456	0.571531	0.571531	0.585954	0.0446375	N/A	0.501608	0.528193	0.50617	0.509662	0.507414	0.514039	0.514613	0.0173854	0.560865	0.579508	0.518739	0.5263	0.528359
20547at7041	0.541838	0.541838	0.554667	0.535827	0.535827	0.572473	0.523343	0.523343	0.513756	0.000120931	0.592456	0.0369402	0.571531	0.585954	0.585954	N/A	0.501608	0.528193	0.50617	0.509662	0.507414	0.514039	0.514613	0.534207	0.560865	0.0411888	0.518739	0.5263	0.528359
20609at7041	0.610696	0.610696	0.0837712	0.567851	0.101823	0.0749732	0.523343	0.523343	0.50695	0.50695	0.592456	0.00274431	0.571531	0.585954	0.585954	N/A	0.501608	0.528193	0.50617	0.00485422	0.514664	0.0141363	0.541956	0.564945	0.560865	0.579508	0.518739	0.5263	0.528359
20736at7041	0.541838	0.541838	0.554667	0.535827	0.535827	0.572473	0.00136836	0.545064	0.50695	0.50695	0.592456	0.105917	0.0369402	0.585954	0.585954	N/A	0.501608	0.528193	0.50617	0.509662	0.507414	0.514039	0.514613	0.534207	0.0312956	0.579508	0.518739	0.5263	0.528359
20751at7041	0.541838	0.541838	0.554667	0.535827	8.85584e-07	0.572473	0.523343	0.523343	0.50695	0.50695	0.592456	0.571531	0.0369402	0.585954	0.585954	N/A	0.501608	0.528193	0.50617	0.509662	0.507414	0.514039	0.514613	0.534207	0.560865	0.579508	0.518739	0.5263	0.528359
20785at7041	0.117826	1.97962e-08	0.15098	0.535827	0.535827	0.000756164	0.12726	1.7473e-19	0.50695	0.0104132	0.0481298	0.571531	0.571531	0.585954	0.585954	N/A	0.501608	0.528193	0.00309449	0.519045	0.514664	0.52749	0.528588	0.0974584	0.00936385	0.579508	0.518739	0.5263	0.528359
20835at7041	0.5785	0.5785	0.15098	0.0364496	0.101823	0.0133013	0.523343	0.523343	0.50695	0.50695	0.241028	0.192536	0.628099	0.0894601	0.226315	N/A	0.503208	0.554025	0.512226	0.519045	0.514664	0.52749	0.528588	0.564945	0.166515	0.211416	0.53643	0.550543	0.554328
20841at7041	0.541838	0.0213369	0.0280358	0.535827	0.535827	0.0374408	0.523343	0.523343	0.50695	0.50695	0.592456	0.0369402	0.571531	0.126906	0.0446375	N/A	0.501608	0.528193	0.50617	0.509662	0.507414	0.514039	0.514613	0.534207	0.560865	0.579508	0.518739	0.5263	0.528359
20848at7041	0.541838	0.541838	0.554667	0.535827	0.000664983	0.0374408	0.523343	0.523343	0.50695	0.50695	0.0481298	0.105917	0.571531	0.585954	0.585954	N/A	0.501608	0.528193	0.50617	0.509662	0.507414	0.514039	0.514613	0.534207	0.560865	0.579508	0.518739	0.5263	0.528359
20869at7041	0.0426835	0.5785	0.60054	0.101823	0.0364496	0.629592	0.545064	0.545064	0.50695	0.50695	0.592456	0.105917	0.571531	0.585954	0.585954	N/A	0.501608	0.528193	0.00309449	0.519045	0.514664	0.52749	0.528588	0.564945	0.610853	0.579508	0.518739	0.5263	0.528359
20960at7041	0.117826	0.00441025	0.60054	0.101823	0.0364496	0.000756164	0.545064	0.545064	0.52042	0.52042	0.0965099	0.571531	0.571531	0.226315	0.650423	N/A	0.503208	0.554025	0.512226	0.519045	0.514664	0.52749	0.528588	0.564945	0.610853	0.0825118	0.53643	0.0758327	0.554328
21058at7041	0.639032	0.211884	5.96078e-13	0.645305	0.0901042	0.0295158	0.0301584	0.673521	0.533338	0.050185	0.00751129	0.628099	0.628099	0.420087	1.50691e-11	N/A	0.507962	0.619437	0.529734	0.545608	0.535465	0.564578	0.10125	0.640016	4.13119e-05	0.754401	3.96633e-05	0.550543	0.620024
21077at7041	0.541838	0.541838	0.554667	4.30386e-11	0.535827	0.572473	0.523343	0.523343	0.50695	0.50695	0.660118	0.628099	0.628099	0.226315	0.0187504	N/A	0.503208	0.0810597	0.50617	0.509662	0.507414	0.514039	0.514613	0.534207	0.560865	0.579508	0.53643	0.550543	0.554328
21101at7041	0.5785	0.0426835	0.0561004	0.567851	0.567851	0.629592	0.545064	0.545064	0.50695	0.50695	0.241028	6.70025e-05	0.192536	0.226315	0.650423	N/A	0.503208	0.554025	0.512226	0.519045	0.514664	0.52749	0.528588	0.564945	0.610853	0.211416	0.53643	0.550543	0.554328
21110at7041	0.117826	0.000146143	0.15098	0.0364496	0.567851	0.629592	0.00136836	0.0676096	0.50695	0.50695	0.592456	0.105917	0.0369402	0.585954	0.585954	N/A	0.501608	0.528193	0.00309449	0.519045	0.514664	0.52749	0.528588	0.564945	0.610853	0.579508	0.518739	0.5263	0.528359
21125at7041	0.541838	0.541838	0.554667	0.535827	0.000664983	0.0374408	0.523343	0.523343	0.50695	0.0104132	0.592456	0.571531	0.571531	0.585954	0.0446375	N/A	0.501608	0.528193	0.50617	0.509662	0.507414	0.514039	0.514613	0.534207	0.560865	0.579508	0.518739	0.5263	0.528359
21142at7041	0.00441025	0.5785	0.15098	0.567851	0.567851	0.000756164	0.545064	0.545064	0.513756	0.513756	0.660118	0.192536	0.628099	0.585954	0.585954	N/A	0.503208	0.554025	0.512226	0.519045	0.514664	0.52749	0.528588	0.564945	0.610853	0.640587	0.53643	0.550543	0.0815155
21228at7041	0.211884	0.0172014	0.671865	0.0023152	0.596518	7.81773e-05	0.584131	0.047099	7.55798e-05	0.52042	0.387259	0.0188163	0.70933	0.173633	0.173633	N/A	0.506385	0.599458	0.524006	0.537009	0.528685	0.552734	0.554747	0.178541	0.686344	0.348978	0.568929	0.593557	0.59997
21257at7041	0.5785	0.5785	0.00754622	0.567851	0.101823	0.0749732	0.523343	0.523343	1.69291e-10	0.52042	0.241028	0.192536	0.628099	0.650423	1.50416e-05	N/A	0.503208	0.554025	0.512226	0.519045	0.514664	0.52749	0.528588	0.564945	0.166515	0.0825118	0.53643	0.550543	0.554328
21326at7041	0.00441025	0.117826	0.60054	0.535827	0.535827	0.0374408	0.523343	0.523343	0.50695	0.50695	0.592456	0.571531	0.571531	0.0446375	0.585954	N/A	0.501608	0.528193	0.50617	0.509662	0.507414	0.00706811	0.528588	0.534207	0.560865	0.579508	0.518739	0.5263	0.528359
21420at7041	0.541838	0.541838	0.554667	0.535827	0.535827	0.572473	3.67552e-09	0.523343	0.50695	0.50695	0.592456	0.571531	0.571531	0.585954	0.585954	N/A	0.501608	0.528193	0.50617	0.509662	0.507414	0.514039	0.514613	0.534207	0.560865	0.579508	0.518739	0.5263	0.528359
21467at7041	0.541838	0.0213369	0.554667	0.535827	0.535827	0.572473	0.545064	0.0676096	0.0206342	0.000120931	0.241028	0.628099	0.192536	0.650423	0.650423	N/A	0.503208	0.554025	0.512226	0.0285688	0.507414	0.514039	0.514613	0.534207	0.610853	0.640587	0.53643	0.550543	0.554328
21485at7041	0.5785	0.117826	0.00754622	0.101823	0.00323063	7.06189e-05	0.545064	0.545064	0.50695	0.50695	0.592456	0.105917	0.0369402	0.585954	0.585954	N/A	0.501608	0.528193	0.00309449	0.519045	0.514664	0.52749	0.528588	0.564945	0.610853	0.579508	0.518739	0.5263	0.528359
2150at7041	0.5785	0.117826	0.15098	0.101823	0.00323063	0.629592	0.523343	0.523343	0.52042	0.52042	0.592456	0.571531	0.571531	0.0187504	0.650423	N/A	0.503208	0.554025	0.512226	0.519045	0.514664	0.52749	0.528588	0.564945	0.166515	0.0825118	0.0546523	0.5263	0.554328
21563at7041	0.541838	0.0213369	0.554667	0.535827	0.535827	0.00281961	0.0118045	0.523343	0.50695	0.50695	0.592456	0.628099	0.628099	0.585954	0.585954	N/A	0.501608	0.528193	0.50617	0.509662	0.507414	0.514039	0.514613	0.534207	0.560865	0.579508	0.518739	0.013318	0.528359
21663at7041	0.541838	0.000912192	0.554667	8.85584e-07	0.535827	0.572473	0.523343	0.523343	0.50695	0.50695	0.592456	0.105917	0.571531	0.650423	0.00125795	N/A	0.501608	0.528193	0.50617	0.509662	0.507414	0.514039	0.514613	0.534207	0.560865	0.579508	0.518739	0.5263	0.0143744
21776at7041	0.541838	0.0213369	0.554667	0.535827	0.535827	1.20427e-06	0.523343	0.523343	0.50695	0.50695	0.592456	0.105917	0.571531	0.585954	0.0446375	N/A	0.501608	0.528193	0.50617	0.509662	0.507414	0.514039	0.514613	0.534207	0.560865	0.579508	0.518739	0.5263	0.528359
21802at7041	0.541838	0.541838	0.554667	0.535827	0.535827	0.107292	0.523343	0.0118045	0.00348711	0.50695	0.592456	0.571531	0.571531	0.00401757	0.585954	N/A	0.501608	0.528193	0.50617	0.509662	0.507414	0.514039	0.514613	0.534207	0.560865	0.579508	0.518739	0.5263	0.528359
21817at7041	0.541838	3.8998e-05	0.554667	0.535827	0.535827	0.572473	0.523343	0.523343	0.50695	0.50695	0.660118	0.192536	0.628099	0.0187504	0.226315	N/A	0.503208	0.0810597	0.50617	0.509662	0.507414	0.514039	0.514613	0.534207	0.560865	0.579508	0.53643	0.550543	0.554328
21836at7041	0.0213369	0.541838	0.554667	0.535827	0.535827	0.00281961	0.0118045	0.523343	0.00348711	0.50695	0.0481298	0.571531	0.571531	0.585954	0.0446375	N/A	0.501608	0.528193	0.50617	0.509662	0.507414	0.514039	0.514613	0.534207	0.560865	0.579508	0.518739	0.5263	0.528359
21858at7041	0.211884	0.0172014	0.110752	0.000841522	0.567851	0.0107373	0.0983571	0.565289	0.52042	0.0306672	0.0456123	0.263959	0.673159	0.132764	0.699327	N/A	0.5048	0.577714	0.518171	0.528158	0.521753	0.0211977	0.554747	0.139828	0.652111	0.687947	0.55314	0.572908	0.578131
22005at7041	0.541838	0.0213369	0.554667	0.535827	0.535827	0.00281961	0.0118045	0.523343	0.50695	0.50695	0.592456	0.0369402	0.571531	0.585954	0.585954	N/A	0.501608	0.528193	0.50617	0.509662	0.507414	0.514039	0.514613	0.534207	0.560865	0.579508	0.518739	0.5263	0.528359
22103at7041	0.541838	0.000912192	0.554667	0.535827	0.535827	0.572473	0.523343	0.0118045	0.50695	0.00348711	0.592456	0.571531	0.571531	0.585954	0.585954	N/A	0.501608	0.528193	0.50617	0.509662	0.507414	0.514039	0.514613	0.534207	0.560865	0.579508	0.518739	0.5263	0.528359
22115at7041	0.541838	0.541838	0.0280358	0.0182222	0.535827	0.572473	0.0118045	0.523343	0.50695	0.0104132	0.0481298	0.571531	0.0369402	0.585954	0.585954	N/A	0.501608	0.528193	0.50617	0.509662	0.507414	0.514039	0.514613	0.534207	0.560865	0.579508	0.518739	0.5263	0.528359
22122at7041	0.5785	0.00441025	0.60054	0.535827	0.535827	0.0749732	0.0676096	0.545064	0.0206342	0.513756	0.660118	0.105917	0.571531	0.226315	0.0894601	N/A	0.503208	0.554025	0.512226	0.519045	0.514664	0.52749	0.528588	0.0974584	0.610853	0.640587	0.53643	0.0758327	0.554328
22148at7041	0.541838	0.541838	0.554667	0.535827	0.535827	0.572473	0.523343	0.523343	0.50695	1.18309e-09	0.592456	0.105917	0.571531	0.585954	0.585954	N/A	0.501608	0.528193	0.50617	0.509662	0.507414	0.514039	0.514613	0.534207	0.560865	0.579508	0.518739	0.5263	0.528359
2215at7041	0.541838	0.541838	0.554667	0.00323063	0.567851	0.000756164	0.545064	0.545064	0.513756	0.513756	0.241028	0.192536	0.628099	0.699327	0.0397718	N/A	0.503208	0.554025	0.512226	0.519045	0.514664	0.0412373	0.514613	0.564945	0.610853	0.640587	0.53643	0.550543	0.0287509
22188at7041	0.541838	0.541838	0.554667	0.535827	0.535827	0.572473	0.0676096	4.1791e-13	0.50695	0.50695	0.0481298	0.571531	0.571531	0.585954	0.585954	N/A	0.501608	0.528193	0.50617	0.509662	0.507414	0.514039	0.514613	0.534207	0.0312956	0.579508	0.518739	0.5263	0.528359
22219at7041	0.0426835	0.5785	0.0812102	0.535827	0.000664983	0.572473	0.523343	0.523343	0.50695	0.50695	0.592456	0.571531	0.571531	0.585954	0.585954	N/A	0.501608	0.528193	0.50617	0.509662	0.507414	0.514039	0.00735884	0.534207	0.560865	0.579508	0.518739	0.5263	0.528359
22257at7041	2.17743e-05	0.610696	0.639181	0.596518	0.596518	0.0107373	0.00317955	0.0983571	0.0139452	0.526947	0.00156314	0.571531	0.571531	0.585954	0.126906	N/A	0.503208	0.0285807	0.518171	0.528158	0.521753	0.540379	0.541956	0.592603	0.652111	0.122632	0.53643	0.0758327	0.0815155
22293at7041	0.5785	0.0426835	0.554667	0.535827	0.535827	0.572473	0.523343	0.523343	0.50695	0.50695	0.592456	0.0369402	0.571531	0.585954	0.000361598	N/A	0.501608	0.528193	0.50617	0.509662	0.507414	0.514039	0.00735884	0.534207	0.560865	0.579508	0.518739	0.5263	0.528359
22342at7041	0.541838	0.0213369	0.554667	0.535827	0.000664983	0.0374408	0.523343	0.523343	0.50695	0.50695	0.592456	0.0369402	0.571531	0.585954	0.0446375	N/A	0.501608	0.528193	0.50617	0.509662	0.507414	0.514039	0.514613	0.534207	0.560865	0.579508	0.518739	0.5263	0.528359
22346at7041	0.541838	0.541838	0.554667	0.535827	0.535827	0.0374408	0.0348751	0.523343	0.50695	0.50695	0.592456	0.571531	6.21011e-09	0.585954	0.585954	N/A	0.501608	0.528193	0.50617	0.509662	0.507414	0.514039	0.514613	0.534207	0.560865	0.579508	0.518739	0.5263	0.528359
22357at7041	0.541838	0.0213369	0.0280358	0.535827	0.535827	0.0374408	0.523343	0.523343	0.50695	0.50695	0.592456	0.105917	0.00274431	0.585954	0.585954	N/A	0.501608	0.528193	0.50617	0.509662	0.507414	0.514039	0.514613	0.534207	0.560865	0.579508	0.518739	0.5263	0.528359
22383at7041	0.000912192	0.541838	0.0280358	0.535827	0.535827	0.572473	0.523343	0.523343	0.0104132	0.50695	0.592456	0.571531	0.0369402	0.585954	0.585954	N/A	0.501608	0.528193	0.50617	0.509662	0.507414	0.514039	0.514613	0.534207	0.560865	0.579508	0.518739	0.5263	0.528359
22386at7041	0.0172014	0.639032	0.554667	0.535827	0.535827	0.572473	0.523343	0.000278846	0.50695	0.50695	0.592456	0.571531	0.571531	0.585954	0.585954	N/A	0.501608	0.528193	0.50617	0.509662	0.507414	0.514039	1.59469e-06	0.534207	0.560865	0.579508	0.518739	0.5263	0.528359
22407at7041	0.5785	0.117826	0.00754622	0.535827	0.535827	0.629592	0.0236098	0.545064	0.0206342	0.513756	0.241028	0.192536	0.628099	0.00631316	0.0187504	N/A	0.503208	0.554025	0.512226	0.519045	0.514664	0.52749	0.528588	0.0974584	0.610853	0.640587	0.53643	0.550543	0.554328
22537at7041	0.117826	0.00441025	0.15098	0.535827	0.535827	0.629592	2.54218e-05	0.545064	0.50695	0.50695	0.241028	0.192536	0.628099	0.699327	0.132764	N/A	0.503208	0.554025	0.512226	0.519045	0.514664	0.52749	0.528588	0.0974584	0.610853	0.211416	0.53643	0.550543	0.0287509
22547at7041	0.610696	0.0638525	0.15098	0.101823	0.0364496	0.629592	0.545064	0.545064	0.513756	0.000120931	0.660118	0.105917	0.571531	0.0894601	0.226315	N/A	0.503208	0.554025	0.512226	0.519045	0.514664	0.52749	0.0147178	0.564945	0.610853	0.640587	0.53643	0.0758327	0.554328
22581at7041	0.0426835	0.5785	0.15098	0.567851	0.0364496	0.194791	0.545064	0.0676096	0.50695	0.50695	0.660118	0.628099	0.628099	0.226315	1.53207e-12	N/A	0.503208	0.554025	0.512226	0.519045	0.514664	0.52749	0.528588	0.564945	0.610853	0.211416	0.53643	0.550543	0.554328
22619at7041	0.5785	0.0426835	0.60054	0.567851	0.567851	7.06189e-05	0.523343	0.523343	0.00697424	0.513756	0.00156314	0.00409085	0.0129558	0.226315	0.650423	N/A	0.503208	0.554025	0.512226	0.519045	0.514664	0.52749	0.528588	0.564945	0.166515	0.640587	0.53643	0.550543	0.554328
22650at7041	2.29764e-12	0.00609706	0.110752	0.596518	4.67651e-05	0.326463	0.0983571	0.565289	0.526947	0.0139452	0.748089	0.00139483	0.1448	0.766083	0.000479238	N/A	0.506385	0.599458	0.524006	0.537009	0.528685	0.552734	0.554747	0.178541	0.286395	0.72504	0.568929	0.593557	0.0572878
22653at7041	0.000912192	0.541838	0.0280358	0.535827	0.535827	0.0374408	0.0118045	0.523343	0.50695	0.50695	0.592456	0.0369402	0.571531	0.585954	0.585954	N/A	0.501608	0.528193	0.50617	0.509662	0.507414	0.514039	0.514613	0.534207	0.560865	0.579508	0.518739	0.5263	0.528359
22773at7041	8.87646e-30	0.541838	0.554667	0.0182222	0.535827	0.572473	0.523343	0.523343	0.50695	0.50695	0.592456	0.571531	0.571531	0.585954	0.0446375	N/A	0.501608	0.528193	0.50617	0.509662	0.507414	0.514039	0.514613	0.534207	0.560865	0.579508	0.518739	0.5263	0.528359
22800at7041	0.5785	0.0426835	0.15098	0.101823	0.567851	0.629592	0.523343	0.523343	0.50695	0.50695	0.241028	0.628099	0.192536	0.226315	0.0894601	N/A	0.503208	0.554025	0.512226	0.519045	0.514664	0.52749	0.528588	0.564945	0.166515	0.211416	0.53643	0.550543	0.554328
22852at7041	0.541838	0.0213369	0.554667	0.000664983	0.535827	0.572473	2.54218e-05	0.545064	0.513756	0.513756	0.592456	0.0369402	0.571531	0.585954	0.585954	N/A	0.501608	0.528193	0.50617	0.509662	0.507414	0.514039	0.514613	0.534207	0.0312956	0.0411888	0.518739	0.5263	0.528359
22906at7041	0.0846998	0.639032	0.671865	0.535827	0.535827	0.572473	0.523343	0.0118045	0.50695	0.50695	0.592456	0.105917	0.000203876	0.585954	0.585954	N/A	0.501608	0.528193	0.50617	0.509662	0.507414	1.41301e-06	0.554747	0.534207	0.560865	0.579508	0.518739	0.5263	0.528359
2292at7041	0.00441025	0.117826	0.60054	0.535827	0.535827	0.194791	0.545064	0.545064	0.50695	0.50695	0.592456	0.571531	0.571531	0.650423	0.0894601	N/A	0.503208	0.554025	0.512226	0.519045	0.514664	0.52749	0.528588	0.0974584	0.610853	0.211416	0.0546523	0.5263	0.554328
22951at7041	0.0213369	0.541838	0.554667	0.535827	0.535827	0.572473	0.545064	0.545064	0.00348711	0.50695	0.136323	0.628099	0.628099	0.585954	0.585954	N/A	0.501608	0.528193	0.50617	0.509662	0.507414	0.514039	0.514613	0.534207	0.0312956	0.579508	0.518739	0.013318	0.528359
23030at7041	0.541838	0.0213369	0.554667	0.0182222	0.535827	0.00281961	0.523343	0.523343	0.50695	0.50695	0.592456	0.105917	0.0369402	0.585954	0.00401757	N/A	0.501608	0.528193	0.50617	0.509662	0.507414	0.514039	0.514613	0.534207	0.560865	0.579508	0.518739	0.5263	0.528359
23031at7041	0.5785	0.5785	0.15098	0.101823	0.567851	0.0749732	0.523343	0.523343	0.50695	0.50695	0.592456	0.105917	0.571531	0.585954	0.0446375	N/A	0.501608	0.528193	0.50617	0.00485422	0.514664	0.52749	0.528588	0.564945	0.560865	0.579508	0.518739	0.5263	0.528359
2343at7041	0.0846998	0.639032	0.639181	0.596518	0.00737531	0.674947	0.035384	0.565289	0.0104605	0.52042	0.710309	0.263959	0.673159	0.699327	0.132764	N/A	0.5048	0.577714	0.518171	0.528158	0.521753	0.540379	0.0220691	0.592603	0.652111	0.687947	0.55314	0.572908	0.578131
2406at7041	0.541838	0.541838	0.554667	0.535827	0.0182222	0.572473	0.523343	0.523343	0.50695	0.00348711	0.592456	0.571531	0.0369402	0.0446375	0.126906	N/A	0.501608	0.528193	0.50617	0.509662	0.507414	0.514039	0.514613	0.534207	0.560865	0.579508	0.518739	0.5263	0.528359
2416at7041	0.541838	0.541838	0.0280358	0.0182222	0.535827	0.572473	0.0118045	0.523343	0.00348711	0.50695	0.660118	0.628099	0.628099	0.585954	0.585954	N/A	0.501608	0.528193	0.50617	0.509662	0.507414	0.514039	0.514613	0.534207	0.560865	0.579508	0.00945536	0.550543	0.528359
2504at7041	0.541838	0.0213369	0.554667	0.535827	0.000664983	0.572473	0.523343	0.523343	0.50695	0.50695	0.0481298	0.105917	0.571531	0.585954	0.585954	N/A	0.501608	0.528193	0.50617	0.509662	0.507414	0.514039	0.514613	0.534207	0.560865	0.579508	0.518739	0.5263	0.528359
2572at7041	0.0213369	0.541838	0.554667	0.535827	0.000664983	0.572473	0.523343	0.523343	0.50695	0.50695	0.592456	0.0369402	0.571531	0.00401757	0.585954	N/A	0.501608	0.528193	0.50617	0.509662	0.507414	0.514039	0.514613	0.534207	0.560865	0.579508	0.518739	0.5263	0.528359
2701at7041	0.5785	0.5785	0.15098	0.101823	0.567851	0.0749732	0.0676096	0.545064	0.513756	0.513756	0.0965099	0.105917	0.571531	0.226315	0.650423	N/A	0.503208	0.554025	0.512226	0.519045	0.514664	0.52749	0.528588	0.564945	0.610853	0.640587	0.53643	0.0758327	0.554328
2770at7041	0.541838	0.541838	0.554667	0.535827	0.0182222	0.00281961	0.000278846	0.523343	0.50695	0.00348711	0.592456	0.571531	0.571531	0.585954	0.585954	N/A	0.501608	0.528193	0.50617	0.509662	0.507414	0.514039	0.514613	0.534207	0.560865	0.579508	0.518739	0.5263	0.528359
2781at7041	0.541838	0.541838	0.0280358	0.535827	0.535827	0.000212341	0.523343	0.523343	0.50695	0.50695	0.592456	0.105917	0.571531	0.585954	0.0446375	N/A	0.501608	0.528193	0.50617	0.509662	0.507414	0.514039	0.514613	0.534207	0.560865	0.579508	0.518739	0.5263	0.528359
2797at7041	0.0426835	0.5785	0.554667	0.535827	0.535827	0.572473	0.523343	0.523343	0.50695	0.50695	0.592456	0.105917	0.0369402	0.585954	0.0446375	N/A	0.501608	0.528193	0.50617	0.509662	0.507414	0.514039	0.00735884	0.534207	0.560865	0.579508	0.518739	0.5263	0.528359
2824at7041	0.541838	0.541838	0.0280358	0.535827	0.535827	0.572473	0.0348751	0.523343	0.50695	0.50695	0.592456	0.571531	0.571531	0.585954	0.000361598	N/A	0.501608	0.528193	0.50617	0.509662	0.507414	0.514039	0.514613	0.534207	0.560865	0.579508	0.518739	0.5263	0.528359
2829at7041	0.0213369	0.541838	0.554667	0.0182222	0.535827	0.572473	0.523343	0.523343	0.513756	0.513756	0.660118	0.628099	0.0739673	0.00729895	0.736876	N/A	0.503208	0.554025	0.0183395	0.509662	0.507414	0.514039	0.514613	0.534207	0.560865	0.640587	0.53643	0.550543	0.00202142
2884at7041	0.5785	0.117826	0.15098	0.567851	0.101823	0.0749732	0.545064	0.545064	0.50695	0.50695	0.241028	0.192536	0.628099	0.173633	0.064173	N/A	0.503208	0.554025	0.512226	0.519045	0.514664	0.52749	0.528588	0.564945	0.610853	0.211416	0.53643	0.550543	0.00202142
2892at7041	0.541838	0.000912192	0.554667	0.0182222	0.535827	0.572473	0.523343	0.523343	0.50695	0.50695	0.592456	0.0369402	0.571531	0.585954	0.00401757	N/A	0.501608	0.528193	0.50617	0.509662	0.507414	0.514039	0.514613	0.534207	0.560865	0.579508	0.518739	0.5263	0.528359
2906at7041	0.541838	0.541838	0.554667	0.0182222	0.535827	0.0374408	0.523343	0.0118045	0.50695	0.50695	0.592456	0.571531	0.571531	0.585954	0.000361598	N/A	0.501608	0.528193	0.50617	0.509662	0.507414	0.514039	0.514613	0.534207	0.560865	0.579508	0.518739	0.5263	0.528359
2998at7041	6.88682e-06	0.2518	0.699629	0.622221	0.622221	0.376434	0.0983571	0.565289	0.551735	0.0278522	0.26327	1.05436e-05	0.00140713	0.78911	0.116255	N/A	0.509531	0.637811	0.0532569	0.545608	0.535465	0.564578	0.566989	0.21397	0.0207787	0.103069	0.597966	0.630282	0.63846
3011at7041	0.0426835	0.5785	0.60054	0.567851	0.0364496	0.194791	0.523343	0.523343	0.0206342	0.513756	0.0217166	0.571531	0.571531	0.650423	0.650423	N/A	0.503208	0.554025	0.512226	0.519045	0.514664	0.52749	0.528588	0.564945	0.166515	0.640587	0.53643	0.0758327	0.554328
3027at7041	0.541838	0.541838	0.554667	0.535827	8.85584e-07	0.572473	0.523343	0.523343	0.0104132	0.50695	0.592456	0.571531	0.571531	0.585954	0.585954	N/A	0.501608	0.528193	0.50617	0.509662	0.507414	0.514039	0.514613	0.534207	0.560865	0.579508	0.518739	0.5263	0.528359
3056at7041	0.0213369	0.541838	0.554667	0.535827	0.535827	0.572473	0.523343	0.0348751	0.50695	0.00348711	0.592456	0.628099	0.628099	0.585954	0.0446375	N/A	0.501608	0.528193	0.50617	0.509662	0.507414	0.514039	0.514613	0.534207	0.560865	0.579508	0.518739	0.013318	0.528359
3132at7041	0.541838	0.541838	0.554667	0.535827	0.535827	0.572473	0.523343	0.523343	0.513756	0.513756	0.592456	0.571531	0.571531	0.699327	6.90257e-08	N/A	0.501608	0.528193	0.50617	0.509662	0.507414	0.514039	0.514613	0.534207	0.560865	0.0411888	0.518739	0.5263	0.00041359
3137at7041	3.8998e-05	0.541838	0.554667	0.535827	0.535827	0.572473	0.0118045	0.523343	0.50695	0.50695	0.592456	0.105917	0.571531	0.585954	0.585954	N/A	0.501608	0.528193	0.50617	0.509662	0.507414	0.514039	0.514613	0.534207	0.560865	0.579508	0.518739	0.5263	0.528359
3184at7041	0.117826	0.5785	0.60054	0.535827	0.535827	0.629592	0.0676096	0.545064	0.52042	0.52042	0.660118	0.192536	0.628099	0.226315	0.0187504	N/A	0.503208	0.554025	0.512226	0.519045	0.514664	0.52749	0.528588	0.0974584	0.610853	0.0825118	0.53643	0.550543	0.554328
3235at7041	0.5785	0.117826	0.15098	0.0545651	0.596518	0.194791	0.523343	0.523343	0.52042	0.52042	0.241028	0.192536	0.628099	0.699327	0.132764	N/A	0.503208	0.554025	0.512226	0.519045	0.514664	0.52749	0.528588	0.0347752	0.166515	0.0825118	0.53643	0.550543	0.0287509
3236at7041	0.610696	0.16744	0.639181	0.596518	0.596518	0.266757	0.565289	0.565289	0.52042	0.52042	0.748089	0.00139483	5.00391e-07	0.21165	0.0900675	N/A	0.506385	0.150728	0.518171	0.528158	0.521753	0.540379	0.541956	0.592603	0.652111	0.687947	0.568929	0.593557	0.0572878
3315at7041	0.541838	0.541838	0.60054	0.567851	0.101823	0.0133013	0.523343	0.523343	0.513756	0.513756	0.241028	0.192536	0.0129558	0.585954	0.585954	N/A	0.503208	0.554025	0.512226	0.519045	0.514664	0.52749	0.0428846	0.564945	0.166515	0.640587	0.53643	0.550543	0.0815155
3327at7041	0.0426835	0.5785	0.0561004	0.567851	0.567851	0.194791	0.523343	0.523343	0.539598	0.539598	0.241028	0.192536	6.70025e-05	0.650423	0.0187504	N/A	0.503208	0.554025	0.512226	0.519045	0.514664	0.52749	0.528588	0.564945	0.166515	0.000102472	0.53643	0.550543	0.554328
3436at7041	0.000912192	0.541838	0.554667	0.0182222	0.535827	0.572473	0.523343	0.523343	0.50695	0.50695	0.241028	0.0739673	0.628099	0.650423	0.0894601	N/A	0.503208	0.0810597	0.50617	0.509662	0.507414	0.514039	0.514613	0.534207	0.560865	0.579508	0.53643	0.550543	0.554328
3476at7041	0.117826	0.00441025	0.0561004	0.535827	0.0182222	0.572473	0.523343	0.523343	0.50695	0.50695	0.592456	0.0369402	0.571531	0.00401757	0.585954	N/A	0.501608	0.528193	0.50617	0.509662	0.507414	0.00706811	0.528588	0.534207	0.560865	0.579508	0.518739	0.5263	0.528359
3516at7041	0.00441025	0.5785	0.60054	0.101823	0.00323063	0.0749732	0.523343	0.523343	0.513756	0.00697424	0.241028	0.0739673	0.628099	0.226315	0.0187504	N/A	0.503208	0.554025	0.512226	0.519045	0.514664	0.52749	0.528588	0.564945	0.166515	0.640587	0.53643	0.550543	0.554328
3557at7041	0.541838	0.541838	0.554667	0.567851	0.567851	0.572473	0.0118045	0.523343	0.50695	0.50695	0.592456	0.105917	0.00274431	0.0446375	0.585954	N/A	0.501608	0.528193	0.50617	0.509662	0.507414	0.514039	0.514613	0.0173854	0.560865	0.579508	0.518739	0.5263	0.528359
3571at7041	0.541838	0.541838	0.0280358	0.0182222	0.0534078	0.0374408	0.523343	0.523343	0.50695	0.50695	0.592456	0.571531	0.571531	0.0446375	0.585954	N/A	0.501608	0.528193	0.50617	0.509662	0.507414	0.514039	0.514613	0.534207	0.560865	0.579508	0.518739	0.5263	0.528359
3612at7041	0.541838	0.0213369	0.554667	0.535827	0.000664983	0.107292	0.523343	0.523343	0.50695	0.50695	0.592456	0.571531	0.571531	0.0446375	0.585954	N/A	0.501608	0.528193	0.50617	0.509662	0.507414	0.514039	0.514613	0.534207	0.560865	0.579508	0.518739	0.5263	0.528359
3636at7041	0.5785	0.5785	0.639181	0.0023152	0.596518	0.674947	0.565289	0.565289	0.0104605	0.0306672	0.710309	0.628099	0.628099	0.132764	0.0156387	N/A	0.5048	0.577714	0.518171	0.528158	0.521753	0.540379	0.0630981	0.592603	0.652111	0.687947	0.55314	0.109902	0.578131
3675at7041	0.541838	0.541838	0.554667	0.567851	0.0364496	0.572473	0.523343	0.523343	0.50695	0.50695	0.592456	0.571531	0.000203876	0.0446375	0.585954	N/A	0.501608	0.528193	0.50617	0.509662	0.507414	0.514039	0.514613	0.0173854	0.560865	0.579508	0.518739	0.5263	0.528359
3712at7041	0.541838	0.541838	0.0280358	0.535827	0.0534078	0.00281961	0.523343	0.523343	0.50695	0.50695	0.592456	0.571531	0.571531	0.585954	0.0446375	N/A	0.501608	0.528193	0.50617	0.509662	0.507414	0.514039	0.514613	0.534207	0.560865	0.579508	0.518739	0.5263	0.528359
3723at7041	0.541838	0.000912192	0.554667	0.535827	0.535827	0.572473	0.0118045	0.523343	0.50695	0.0104132	0.592456	0.571531	0.571531	0.0446375	0.585954	N/A	0.501608	0.528193	0.50617	0.509662	0.507414	0.514039	0.514613	0.534207	0.560865	0.579508	0.518739	0.5263	0.528359
3758at7041	0.0846998	0.639032	0.15098	0.535827	0.535827	0.629592	0.545064	0.0676096	0.526947	0.526947	0.0042946	0.628099	0.628099	0.699327	0.699327	N/A	0.5048	0.577714	0.0272848	0.519045	0.514664	0.52749	0.000535335	0.0974584	0.610853	0.122632	0.55314	0.109902	0.578131
380at7041	0.610696	0.16744	0.639181	0.145793	0.596518	0.028789	0.545064	0.545064	0.52042	0.52042	0.660118	0.00409085	0.628099	0.699327	0.305169	N/A	0.5048	0.577714	0.518171	0.528158	0.521753	0.540379	0.541956	0.592603	0.231188	0.687947	0.0799818	0.550543	0.578131
3811at7041	0.0426835	0.117826	0.15098	0.00323063	0.101823	0.629592	0.545064	0.0676096	0.513756	0.00697424	0.592456	0.571531	0.571531	0.226315	1.57213e-06	N/A	0.503208	0.554025	0.512226	0.519045	0.514664	0.52749	0.528588	0.564945	0.610853	0.640587	0.0546523	0.5263	0.554328
3841at7041	0.5785	0.5785	0.554667	0.0534078	0.535827	0.00281961	0.523343	0.523343	0.50695	0.50695	0.592456	0.0369402	0.571531	0.585954	0.585954	N/A	0.501608	0.528193	0.50617	0.509662	0.507414	0.514039	0.00735884	0.534207	0.560865	0.579508	0.518739	0.5263	0.528359
3848at7041	0.0172014	0.639032	0.639181	0.596518	0.0023152	0.0107373	0.601698	0.601698	7.55798e-05	2.00038e-06	0.322654	0.000528144	1.58223e-08	0.305169	0.00347594	N/A	0.5048	0.577714	0.518171	0.528158	0.521753	0.540379	0.0220691	0.592603	0.0206171	0.687947	0.55314	0.572908	0.578131
4001at7041	0.639032	0.0846998	0.15098	0.0364496	0.567851	0.629592	0.523343	0.523343	0.513756	0.0206342	0.660118	0.628099	0.192536	0.650423	0.226315	N/A	0.503208	0.554025	0.512226	0.519045	0.514664	0.52749	0.000535335	0.564945	0.166515	0.640587	0.53643	0.550543	0.554328
4018at7041	0.5785	0.0426835	0.60054	0.0364496	0.567851	0.572473	0.523343	0.523343	0.50695	0.50695	0.592456	0.571531	0.571531	0.585954	2.63642e-07	N/A	0.501608	0.528193	0.50617	0.509662	0.00372065	0.52749	0.528588	0.564945	0.560865	0.579508	0.518739	0.5263	0.528359
4028at7041	0.000912192	0.541838	0.554667	0.535827	0.535827	0.572473	0.0236098	0.545064	0.50695	0.50695	0.592456	0.571531	0.571531	0.585954	0.0446375	N/A	0.501608	0.528193	0.50617	0.509662	0.507414	0.514039	0.514613	0.534207	0.0312956	0.579508	0.518739	0.5263	0.528359
4079at7041	0.0213369	0.541838	0.554667	0.535827	0.535827	0.572473	0.000278846	0.523343	0.50695	0.50695	0.0481298	0.105917	0.571531	0.0446375	0.585954	N/A	0.501608	0.528193	0.50617	0.509662	0.507414	0.514039	0.514613	0.534207	0.560865	0.579508	0.518739	0.5263	0.528359
4116at7041	3.8998e-05	0.541838	0.554667	0.535827	0.535827	0.0374408	0.523343	0.523343	0.50695	0.50695	0.592456	0.571531	0.571531	0.585954	0.0446375	N/A	0.501608	0.528193	0.50617	0.509662	0.507414	0.514039	0.514613	0.534207	0.560865	0.579508	0.518739	0.5263	0.528359
4139at7041	3.8998e-05	0.541838	0.554667	0.535827	0.000664983	0.572473	0.523343	0.523343	0.50695	0.50695	0.592456	0.571531	0.571531	0.0446375	0.585954	N/A	0.501608	0.528193	0.50617	0.509662	0.507414	0.514039	0.514613	0.534207	0.560865	0.579508	0.518739	0.5263	0.528359
4189at7041	0.0213369	0.541838	0.554667	0.0182222	0.535827	0.572473	0.523343	0.523343	0.50695	0.50695	0.000454511	0.105917	0.571531	0.585954	0.0446375	N/A	0.501608	0.528193	0.50617	0.509662	0.507414	0.514039	0.514613	0.534207	0.560865	0.579508	0.518739	0.5263	0.528359
4232at7041	0.541838	0.541838	0.60054	0.567851	4.17308e-06	0.629592	0.523343	0.523343	0.50695	0.50695	0.592456	0.105917	0.571531	0.650423	0.650423	N/A	0.503208	0.554025	0.512226	0.519045	0.514664	0.52749	0.0428846	0.564945	0.166515	0.211416	0.0546523	0.5263	0.554328
4381at7041	0.117826	0.5785	0.60054	0.101823	0.00323063	0.572473	0.523343	0.523343	0.50695	0.50695	0.592456	0.571531	0.571531	0.585954	0.585954	N/A	0.501608	0.528193	0.50617	0.509662	0.00372065	0.52749	0.528588	0.564945	0.560865	0.579508	0.518739	0.5263	0.528359
4401at7041	0.5785	0.00119135	0.60054	0.535827	0.535827	0.194791	0.523343	0.523343	0.513756	0.513756	0.660118	0.0739673	0.192536	0.226315	0.650423	N/A	0.503208	0.554025	0.512226	0.519045	0.514664	0.52749	0.528588	0.0974584	0.166515	0.640587	0.53643	0.550543	0.554328
4415at7041	0.541838	0.541838	0.554667	0.535827	0.000664983	0.572473	0.523343	0.523343	0.00348711	0.50695	0.592456	0.571531	0.0369402	0.00401757	0.585954	N/A	0.501608	0.528193	0.50617	0.509662	0.507414	0.514039	0.514613	0.534207	0.560865	0.579508	0.518739	0.5263	0.528359
4417at7041	0.541838	0.541838	0.554667	0.535827	0.535827	0.572473	0.0118045	0.523343	0.50695	0.00348711	0.592456	0.105917	0.571531	0.585954	0.00401757	N/A	0.501608	0.528193	0.50617	0.509662	0.507414	0.514039	0.514613	0.534207	0.560865	0.579508	0.518739	0.5263	0.528359
4461at7041	0.000420732	0.610696	0.0837712	0.535827	0.535827	0.572473	0.523343	0.523343	0.50695	0.50695	0.592456	0.571531	0.571531	0.650423	0.650423	N/A	0.501608	0.528193	0.50617	0.509662	0.507414	9.99364e-05	0.541956	0.534207	0.560865	0.579508	0.518739	0.5263	0.0143744
4492at7041	0.541838	0.541838	0.000325504	0.567851	0.567851	0.194791	0.523343	0.523343	0.0206342	0.513756	0.660118	0.628099	0.0739673	0.226315	0.650423	N/A	0.503208	0.554025	0.512226	0.519045	0.514664	0.52749	0.0428846	0.564945	0.166515	0.640587	0.53643	0.550543	0.554328
4502at7041	0.541838	3.8998e-05	0.554667	0.0182222	0.535827	0.572473	0.523343	0.523343	0.50695	0.50695	0.592456	0.571531	0.0369402	0.0446375	0.585954	N/A	0.501608	0.528193	0.50617	0.509662	0.507414	0.514039	0.514613	0.534207	0.560865	0.579508	0.518739	0.5263	0.528359
4677at7041	0.541838	0.541838	0.554667	0.535827	0.535827	0.572473	8.68234e-11	0.523343	0.50695	0.50695	0.592456	0.571531	0.571531	0.585954	0.585954	N/A	0.501608	0.528193	0.50617	0.509662	0.507414	0.514039	0.514613	0.534207	0.560865	0.579508	0.518739	0.5263	0.528359
4923at7041	0.5785	0.5785	0.0561004	0.101823	0.0364496	0.629592	0.523343	0.523343	0.50695	0.50695	0.241028	0.673159	0.110117	0.585954	0.585954	N/A	0.503208	0.554025	0.512226	0.519045	0.514664	0.52749	0.528588	0.564945	0.166515	0.211416	0.53643	0.0266374	0.0815155
5041at7041	0.5785	0.5785	0.60054	0.535827	0.535827	0.572473	0.523343	0.523343	0.50695	0.00348711	0.592456	0.105917	0.571531	0.0446375	0.585954	N/A	0.501608	0.528193	0.50617	0.509662	0.507414	0.00706811	0.528588	0.534207	0.560865	0.579508	0.518739	0.5263	0.528359
5048at7041	0.541838	0.0213369	0.0280358	0.535827	0.0182222	0.572473	0.523343	0.523343	0.50695	0.0104132	0.592456	0.0369402	0.571531	0.585954	0.585954	N/A	0.501608	0.528193	0.50617	0.509662	0.507414	0.514039	0.514613	0.534207	0.560865	0.579508	0.518739	0.5263	0.528359
5053at7041	0.117826	0.0426835	0.60054	0.567851	0.0364496	0.629592	0.545064	0.0236098	0.513756	0.513756	0.660118	0.192536	0.628099	0.650423	1.50416e-05	N/A	0.503208	0.554025	0.512226	0.519045	0.514664	0.52749	0.528588	0.564945	0.610853	0.640587	0.53643	0.550543	0.554328
5083at7041	0.541838	0.0213369	0.554667	0.535827	0.535827	0.572473	0.523343	0.523343	0.513756	0.513756	0.0481298	0.571531	0.105917	0.000361598	0.585954	N/A	0.501608	0.528193	0.50617	0.509662	0.507414	0.514039	0.514613	0.534207	0.560865	0.0411888	0.518739	0.5263	0.528359
5085at7041	0.541838	0.541838	8.87052e-05	0.0182222	0.535827	0.0374408	0.523343	0.523343	0.50695	0.50695	0.136323	0.571531	0.571531	0.585954	0.585954	N/A	0.501608	0.528193	0.50617	0.509662	0.507414	0.514039	0.514613	0.534207	0.560865	0.579508	0.518739	0.5263	0.528359
5097at7041	0.00119135	0.0426835	1.52985e-06	0.535827	0.535827	0.629592	2.54218e-05	0.0676096	0.513756	0.00697424	0.241028	0.192536	0.000727189	0.650423	0.000140171	N/A	0.503208	0.554025	0.512226	0.519045	0.514664	0.52749	0.528588	0.0974584	0.610853	0.640587	0.53643	0.550543	0.554328
5120at7041	0.610696	0.610696	0.639181	0.596518	0.596518	0.629592	0.0676096	0.545064	0.50695	0.50695	0.660118	0.192536	0.628099	0.00631316	0.0894601	N/A	0.503208	0.554025	0.512226	0.519045	0.00744132	0.540379	0.541956	0.592603	0.610853	0.211416	0.53643	0.550543	0.554328
5207at7041	0.5785	0.5785	0.554667	0.535827	0.535827	0.00281961	0.523343	0.523343	0.50695	0.50695	0.00467713	0.571531	0.571531	0.585954	0.00401757	N/A	0.501608	0.528193	0.50617	0.509662	0.507414	0.514039	0.00735884	0.534207	0.560865	0.579508	0.518739	0.5263	0.528359
5296at7041	0.541838	0.541838	0.554667	0.567851	0.0364496	0.572473	0.523343	6.58692e-06	0.50695	2.43211e-05	0.592456	0.571531	0.571531	0.585954	0.585954	N/A	0.501608	0.528193	0.50617	0.509662	0.507414	0.514039	0.514613	0.0173854	0.560865	0.579508	0.518739	0.5263	0.528359
5304at7041	0.541838	0.541838	0.554667	0.0182222	0.535827	0.572473	0.0118045	0.523343	0.50695	0.50695	0.592456	0.105917	0.571531	0.00401757	0.585954	N/A	0.501608	0.528193	0.50617	0.509662	0.507414	0.514039	0.514613	0.534207	0.560865	0.579508	0.518739	0.5263	0.528359
5326at7041	0.5785	0.5785	0.554667	0.535827	0.0534078	0.0374408	0.523343	0.523343	0.50695	0.50695	0.592456	0.571531	0.571531	0.00401757	0.585954	N/A	0.501608	0.528193	0.50617	0.509662	0.507414	0.514039	0.00735884	0.534207	0.560865	0.579508	0.518739	0.5263	0.528359
5364at7041	0.541838	0.0213369	0.554667	0.535827	0.0182222	0.572473	0.523343	0.523343	0.00697424	0.513756	0.592456	0.571531	0.571531	0.0894601	0.0894601	N/A	0.501608	0.528193	0.50617	0.509662	0.507414	0.514039	0.514613	0.534207	0.560865	0.0411888	0.518739	0.5263	0.0143744
5371at7041	0.0426835	0.5785	0.60054	0.535827	0.535827	0.629592	0.523343	0.523343	0.50695	0.50695	0.592456	0.105917	0.571531	0.0187504	0.650423	N/A	0.503208	0.554025	0.512226	0.519045	0.514664	0.52749	0.528588	0.0974584	0.166515	0.211416	0.0546523	0.5263	0.554328
5391at7041	0.610696	0.610696	0.15098	0.535827	0.535827	0.629592	0.523343	0.523343	0.513756	0.513756	0.0217166	0.00409085	0.628099	0.226315	0.0187504	N/A	0.503208	0.554025	0.512226	0.519045	0.514664	0.52749	0.0147178	0.0974584	0.166515	0.640587	0.53643	0.550543	0.554328
5403at7041	0.610696	0.610696	0.15098	0.0364496	0.567851	0.194791	0.545064	0.545064	0.52042	0.52042	0.592456	0.571531	0.571531	0.699327	0.699327	N/A	0.503208	0.554025	0.512226	0.519045	0.514664	0.52749	0.0147178	0.564945	0.610853	0.0825118	0.0546523	0.5263	0.0287509
5470at7041	0.000932802	0.211884	2.18349e-05	0.0545651	0.596518	0.194791	0.523343	0.523343	0.513756	0.513756	0.241028	0.00409085	0.0739673	1.37995e-05	0.736876	N/A	0.503208	0.554025	0.512226	0.519045	0.00744132	0.0211977	0.554747	0.592603	0.166515	0.640587	0.53643	0.550543	0.00202142
5477at7041	0.541838	0.000912192	0.554667	0.000664983	0.535827	0.572473	0.523343	0.523343	0.50695	0.50695	0.592456	0.0369402	0.571531	0.585954	0.00401757	N/A	0.501608	0.528193	0.50617	0.509662	0.507414	0.514039	0.514613	0.534207	0.560865	0.579508	0.518739	0.5263	0.528359
5511at7041	0.541838	0.000912192	0.0280358	0.535827	0.535827	0.572473	0.0118045	0.523343	0.50695	0.50695	0.592456	0.105917	0.571531	0.585954	0.585954	N/A	0.501608	0.528193	0.50617	0.509662	0.507414	0.514039	0.514613	0.534207	0.560865	0.579508	0.518739	0.5263	0.528359
5549at7041	0.5785	0.0426835	0.15098	0.535827	0.535827	5.55601e-07	0.035384	0.565289	0.50695	0.50695	0.143	0.0104325	1.83404e-05	0.126906	0.585954	N/A	0.503208	0.554025	0.512226	0.519045	0.514664	0.52749	0.528588	0.0974584	0.062636	0.211416	0.0189111	0.572908	0.0815155
5597at7041	0.0426835	0.5785	0.15098	0.535827	0.535827	0.0749732	0.00136836	0.545064	0.50695	0.50695	0.592456	0.105917	0.571531	0.0894601	0.226315	N/A	0.503208	0.554025	0.512226	0.519045	0.514664	0.52749	0.528588	0.0974584	0.610853	0.211416	0.0546523	0.5263	0.554328
5650at7041	0.541838	0.541838	0.554667	0.0364496	0.567851	0.194791	0.523343	0.523343	0.52042	0.52042	0.0965099	0.00409085	0.0129558	0.650423	0.0187504	N/A	0.503208	0.554025	0.512226	0.519045	0.514664	0.0412373	0.514613	0.564945	0.166515	0.0825118	0.53643	0.550543	0.554328
5692at7041	4.35196e-16	0.541838	0.554667	0.535827	0.535827	0.572473	0.523343	0.523343	0.50695	0.00348711	0.592456	0.571531	0.571531	0.585954	0.585954	N/A	0.501608	0.528193	0.50617	0.509662	0.507414	0.514039	0.514613	0.534207	0.560865	0.579508	0.518739	0.5263	0.528359
5745at7041	0.541838	0.541838	0.554667	0.535827	0.000664983	1.20427e-06	0.523343	0.523343	0.50695	0.50695	0.592456	0.105917	0.571531	0.585954	0.00401757	N/A	0.501608	0.528193	0.50617	0.509662	0.507414	0.514039	0.514613	0.534207	0.560865	0.579508	0.518739	0.5263	0.528359
5962at7041	0.610696	0.610696	0.0837712	0.567851	0.101823	0.000187574	0.545064	0.545064	0.52042	0.52042	0.241028	0.192536	0.628099	0.00631316	0.650423	N/A	0.503208	0.0285807	0.518171	0.528158	0.521753	0.540379	0.541956	0.139828	0.231188	0.687947	0.53643	0.550543	0.554328
5975at7041	0.000912192	0.541838	0.554667	0.0182222	0.535827	0.572473	0.523343	0.523343	0.50695	0.50695	0.592456	0.571531	0.571531	0.126906	0.00401757	N/A	0.501608	0.528193	0.50617	0.509662	0.507414	0.514039	0.514613	0.534207	0.560865	0.579508	0.518739	0.5263	0.528359
6012at7041	0.610696	0.610696	0.554667	0.535827	0.535827	0.0374408	0.523343	0.523343	0.50695	0.00348711	0.592456	0.571531	0.571531	0.0446375	0.585954	N/A	0.501608	0.528193	0.50617	0.509662	0.507414	0.514039	0.000108328	0.534207	0.560865	0.579508	0.518739	0.5263	0.528359
6037at7041	0.5785	0.117826	0.15098	0.567851	0.101823	0.629592	0.0676096	0.0236098	0.0206342	0.513756	0.241028	0.0739673	0.192536	0.226315	0.0894601	N/A	0.503208	0.554025	0.512226	0.519045	0.514664	0.52749	0.528588	0.564945	0.610853	0.640587	0.53643	0.550543	0.554328
6125at7041	0.0426835	0.5785	0.15098	0.101823	0.567851	0.629592	0.523343	0.523343	0.50695	0.50695	0.592456	0.105917	0.571531	0.0446375	0.585954	N/A	0.501608	0.528193	0.50617	0.00485422	0.514664	0.52749	0.528588	0.564945	0.560865	0.579508	0.518739	0.5263	0.528359
6195at7041	0.639032	0.00609706	0.263396	0.00111019	0.645305	0.146692	0.523343	0.523343	0.533338	0.533338	0.387259	0.0462935	0.32335	0.368525	0.736876	N/A	0.506385	0.599458	0.524006	0.537009	0.528685	0.552734	0.554747	0.0691796	0.000816036	0.160786	0.568929	0.593557	0.59997
6206at7041	0.0213369	0.541838	0.0280358	0.535827	0.000664983	0.572473	0.523343	0.523343	0.50695	0.50695	0.0481298	0.571531	0.571531	0.585954	0.585954	N/A	0.501608	0.528193	0.50617	0.509662	0.507414	0.514039	0.514613	0.534207	0.560865	0.579508	0.518739	0.5263	0.528359
6287at7041	0.0426835	0.5785	0.60054	0.101823	0.567851	0.194791	0.584131	0.584131	0.513756	0.513756	0.241028	0.673159	1.83404e-05	0.226315	0.000140171	N/A	0.503208	0.554025	0.512226	0.519045	0.514664	0.52749	0.528588	0.564945	0.00936385	0.640587	0.53643	0.0266374	0.554328
6323at7041	0.541838	0.541838	2.80664e-07	0.535827	0.535827	0.572473	0.545064	0.545064	0.50695	0.50695	0.592456	0.105917	0.571531	0.585954	0.585954	N/A	0.501608	0.528193	0.50617	0.509662	0.507414	0.514039	0.514613	0.534207	0.0312956	0.579508	0.518739	0.5263	0.528359
6412at7041	0.105116	0.2518	0.699629	0.222263	0.0901042	0.740551	0.523343	0.523343	0.533338	0.533338	0.00751129	0.628099	0.628099	0.132764	0.305169	N/A	0.5048	0.0428172	0.524006	0.0194081	0.535465	0.564578	0.566989	0.640016	0.000816036	0.160786	0.0799818	0.550543	0.578131
6436at7041	0.541838	0.541838	0.554667	0.535827	0.0182222	0.0374408	0.523343	0.000278846	0.50695	0.50695	0.592456	0.571531	0.0369402	0.0446375	0.126906	N/A	0.501608	0.528193	0.50617	0.509662	0.507414	0.514039	0.514613	0.534207	0.560865	0.579508	0.518739	0.5263	0.528359
6450at7041	0.0213369	0.541838	0.554667	0.535827	0.535827	0.572473	0.523343	0.523343	0.50695	0.50695	0.660118	0.628099	0.192536	0.226315	1.50416e-05	N/A	0.503208	0.0810597	0.50617	0.509662	0.507414	0.514039	0.514613	0.534207	0.560865	0.579508	0.53643	0.550543	0.554328
6456at7041	0.0623001	0.0213369	0.554667	0.535827	0.535827	0.0374408	0.523343	0.523343	0.50695	0.50695	0.592456	0.571531	0.571531	0.173633	0.173633	N/A	0.501608	0.528193	0.50617	0.509662	0.507414	0.514039	0.514613	0.534207	0.560865	0.579508	0.518739	0.5263	1.19001e-05
6496at7041	0.610696	0.610696	0.211192	0.596518	0.596518	0.674947	0.565289	0.565289	0.0306672	0.0104605	0.660118	0.571531	0.571531	0.650423	0.226315	N/A	0.503208	0.0285807	0.518171	0.528158	0.521753	0.540379	0.541956	0.592603	0.652111	0.687947	0.53643	0.0758327	0.554328
6575at7041	0.541838	0.0213369	0.554667	0.535827	0.0182222	0.572473	0.0118045	0.523343	0.50695	0.50695	0.0481298	0.105917	0.571531	0.0446375	0.585954	N/A	0.501608	0.528193	0.50617	0.509662	0.507414	0.514039	0.514613	0.534207	0.560865	0.579508	0.518739	0.5263	0.528359
6656at7041	0.117826	0.5785	0.60054	0.567851	0.101823	0.629592	0.523343	0.523343	0.50695	0.50695	0.592456	0.571531	0.571531	0.585954	0.000361598	N/A	0.501608	0.528193	0.50617	0.00485422	0.514664	0.52749	0.528588	0.564945	0.560865	0.579508	0.518739	0.5263	0.528359
6669at7041	0.0213369	0.541838	0.554667	0.535827	0.0182222	0.0374408	0.523343	0.523343	0.50695	0.50695	0.592456	0.571531	0.571531	0.126906	0.0446375	N/A	0.501608	0.528193	0.50617	0.509662	0.507414	0.514039	0.514613	0.534207	0.560865	0.579508	0.518739	0.5263	0.528359
6692at7041	7.10477e-17	0.610696	0.15098	0.567851	0.0364496	0.629592	0.523343	0.523343	0.50695	0.50695	0.00751129	0.673159	0.110117	0.000140171	0.226315	N/A	0.503208	0.554025	0.512226	0.519045	0.514664	0.52749	0.0147178	0.564945	0.166515	0.211416	0.53643	0.0266374	0.554328
6709at7041	0.541838	0.000912192	0.554667	0.535827	0.0182222	0.572473	0.523343	0.523343	0.50695	0.50695	0.0217166	0.192536	0.0129558	0.226315	0.650423	N/A	0.503208	0.0810597	0.50617	0.509662	0.507414	0.514039	0.514613	0.534207	0.560865	0.579508	0.53643	0.550543	0.554328
6725at7041	0.541838	0.541838	0.60054	0.101823	0.567851	0.0133013	0.545064	0.545064	0.50695	0.50695	0.592456	0.105917	0.571531	0.226315	0.650423	N/A	0.503208	0.554025	0.512226	0.519045	0.514664	0.52749	0.0428846	0.564945	0.610853	0.211416	0.0546523	0.5263	0.554328
6773at7041	0.117826	0.5785	0.15098	0.101823	0.0364496	0.194791	0.565289	0.565289	0.0206342	0.513756	0.241028	0.00409085	0.628099	0.650423	0.226315	N/A	0.503208	0.554025	0.512226	0.519045	0.514664	0.52749	0.528588	0.564945	0.062636	0.640587	0.53643	0.550543	0.554328
6796at7041	0.00441025	0.117826	0.60054	0.567851	0.567851	0.629592	0.523343	0.523343	0.0206342	0.513756	0.241028	0.192536	0.0739673	0.650423	0.0894601	N/A	0.503208	0.554025	0.512226	0.519045	0.514664	0.52749	0.528588	0.564945	0.166515	0.640587	0.53643	0.550543	0.554328
681at7041	0.610696	0.610696	0.639181	6.00069e-07	0.596518	1.28881e-11	0.545064	0.545064	0.0306672	0.52042	0.0456123	0.0104325	0.673159	0.00631316	0.650423	N/A	0.5048	0.577714	0.518171	0.528158	0.521753	0.540379	0.541956	0.592603	0.231188	0.687947	0.55314	0.572908	0.117827
6834at7041	0.5785	0.117826	0.60054	0.567851	0.101823	0.629592	0.523343	0.523343	0.50695	0.50695	0.592456	0.000203876	0.571531	0.585954	0.585954	N/A	0.501608	0.528193	0.50617	0.00485422	0.514664	0.52749	0.528588	0.564945	0.560865	0.579508	0.518739	0.5263	0.528359
6867at7041	0.000912192	0.541838	0.554667	0.535827	0.000664983	0.572473	0.0348751	0.523343	0.50695	0.50695	0.592456	0.571531	0.571531	0.585954	0.585954	N/A	0.501608	0.528193	0.50617	0.509662	0.507414	0.514039	0.514613	0.534207	0.560865	0.579508	0.518739	0.5263	0.528359
688at7041	0.0257137	0.000508689	0.00367906	0.000141126	0.622221	0.326463	0.523343	0.523343	0.0405161	0.526947	0.0321053	0.32335	4.75809e-06	0.368525	0.000801437	N/A	0.506385	0.599458	0.524006	0.537009	0.528685	0.0282459	0.566989	0.617526	0.000816036	0.72504	0.568929	0.593557	0.59997
6917at7041	0.541838	0.541838	0.554667	0.535827	0.0182222	0.572473	0.523343	0.0118045	0.50695	0.50695	0.592456	0.105917	0.571531	0.00401757	0.585954	N/A	0.501608	0.528193	0.50617	0.509662	0.507414	0.514039	0.514613	0.534207	0.560865	0.579508	0.518739	0.5263	0.528359
693at7041	0.541838	0.541838	0.554667	0.535827	0.535827	0.572473	6.58692e-06	0.523343	0.50695	0.00348711	0.592456	0.105917	0.571531	0.585954	0.585954	N/A	0.501608	0.528193	0.50617	0.509662	0.507414	0.514039	0.514613	0.534207	0.560865	0.579508	0.518739	0.5263	0.528359
7032at7041	0.5785	0.5785	0.554667	0.535827	0.535827	0.572473	0.545064	0.545064	0.50695	0.50695	0.592456	0.571531	0.105917	0.00401757	0.585954	N/A	0.501608	0.528193	0.50617	0.509662	0.507414	0.514039	0.00735884	0.534207	0.0312956	0.579508	0.518739	0.5263	0.528359
7080at7041	0.5785	0.5785	0.15098	0.567851	0.101823	0.0749732	0.545064	0.0676096	0.0206342	0.513756	0.592456	0.0369402	0.571531	0.585954	0.585954	N/A	0.501608	0.0142894	0.512226	0.519045	0.514664	0.52749	0.528588	0.564945	0.610853	0.640587	0.518739	0.5263	0.528359
7081at7041	0.0213369	0.541838	0.554667	0.535827	0.535827	0.572473	0.523343	1.55597e-07	0.50695	0.50695	0.592456	0.105917	0.571531	0.650423	0.000140171	N/A	0.501608	0.528193	0.50617	0.509662	0.507414	0.514039	0.514613	0.534207	0.560865	0.579508	0.518739	0.5263	0.0143744
7143at7041	0.5785	0.0426835	0.60054	0.535827	0.535827	0.572473	0.523343	6.58692e-06	0.50695	0.50695	0.592456	0.105917	0.571531	0.585954	0.0446375	N/A	0.501608	0.528193	0.50617	0.509662	0.507414	0.00706811	0.528588	0.534207	0.560865	0.579508	0.518739	0.5263	0.528359
7180at7041	0.541838	0.541838	0.554667	0.535827	2.42672e-05	0.572473	0.523343	0.523343	0.50695	0.50695	0.592456	0.571531	0.571531	0.00401757	0.585954	N/A	0.501608	0.528193	0.50617	0.509662	0.507414	0.514039	0.514613	0.534207	0.560865	0.579508	0.518739	0.5263	0.528359
7216at7041	0.000932802	0.639032	0.554667	0.0534078	0.535827	0.572473	0.523343	0.523343	0.50695	0.50695	0.241028	0.628099	0.0739673	0.650423	0.0894601	N/A	0.503208	0.0810597	0.50617	0.509662	0.507414	0.514039	1.59469e-06	0.534207	0.560865	0.579508	0.53643	0.550543	0.554328
7339at7041	0.5785	0.5785	0.15098	0.567851	0.101823	0.629592	0.523343	0.523343	0.52042	0.0104605	0.660118	0.628099	0.0739673	0.585954	0.585954	N/A	0.503208	0.554025	0.512226	0.519045	0.514664	0.52749	0.528588	0.564945	0.166515	0.0825118	0.53643	0.550543	0.0815155
7350at7041	0.0426835	0.117826	0.60054	0.535827	0.535827	0.0749732	0.523343	0.523343	0.50695	0.50695	0.143	0.673159	0.110117	0.699327	0.132764	N/A	0.5048	0.117193	0.512226	0.519045	0.514664	0.52749	0.528588	0.0974584	0.166515	0.211416	0.55314	0.572908	0.578131
7378at7041	0.0213369	0.541838	0.554667	0.535827	0.535827	0.572473	6.58692e-06	0.523343	0.50695	0.50695	0.592456	0.571531	0.571531	0.585954	0.585954	N/A	0.501608	0.528193	0.50617	0.509662	0.507414	0.514039	0.514613	0.534207	0.560865	0.579508	0.518739	0.5263	0.528359
743at7041	0.0172014	0.639032	0.00578487	0.596518	0.0023152	0.0107373	0.565289	0.565289	0.52042	0.52042	0.322654	0.0104325	0.0280805	0.0156387	0.699327	N/A	0.5048	0.577714	0.518171	0.528158	0.521753	0.540379	0.0220691	0.592603	0.652111	0.687947	0.55314	0.572908	0.578131
7454at7041	0.541838	0.541838	0.554667	0.535827	2.42672e-05	0.0374408	0.523343	0.523343	0.50695	0.50695	0.592456	0.571531	0.571531	0.132764	0.699327	N/A	0.501608	0.528193	0.50617	0.509662	0.507414	0.514039	0.514613	0.534207	0.560865	0.579508	0.518739	0.5263	0.00041359
7477at7041	2.38108e-13	0.541838	0.554667	0.567851	0.567851	0.572473	0.523343	0.523343	0.50695	0.50695	0.00467713	0.105917	0.571531	0.00401757	0.585954	N/A	0.501608	0.528193	0.50617	0.509662	0.507414	0.514039	0.514613	0.0173854	0.560865	0.579508	0.518739	0.5263	0.528359
747at7041	0.000912192	0.541838	0.554667	0.535827	0.0182222	0.572473	0.523343	0.523343	0.50695	0.50695	0.592456	0.628099	0.0739673	0.585954	0.585954	N/A	0.501608	0.528193	0.50617	0.509662	0.507414	0.514039	0.514613	0.534207	0.560865	0.579508	0.518739	0.013318	0.528359
7506at7041	0.541838	0.541838	0.554667	0.535827	0.000664983	0.572473	0.523343	0.523343	0.50695	2.43211e-05	0.592456	0.105917	0.571531	0.585954	0.585954	N/A	0.501608	0.528193	0.50617	0.509662	0.507414	0.514039	0.514613	0.534207	0.560865	0.579508	0.518739	0.5263	0.528359
7519at7041	0.117826	0.5785	2.27535e-05	0.567851	0.101823	0.629592	0.523343	0.523343	0.0206342	0.513756	0.241028	0.192536	0.0129558	0.226315	0.000140171	N/A	0.503208	0.554025	0.512226	0.519045	0.514664	0.52749	0.528588	0.564945	0.166515	0.640587	0.53643	0.550543	0.554328
7596at7041	0.00441025	0.117826	0.15098	0.101823	0.567851	0.0749732	0.545064	0.545064	0.50695	0.50695	0.592456	0.571531	0.571531	0.226315	0.650423	N/A	0.503208	0.554025	0.512226	0.519045	0.514664	0.52749	0.528588	0.564945	0.610853	0.211416	0.0546523	0.5263	0.554328
7600at7041	0.00010418	0.00968073	0.699629	0.0193393	0.222263	9.13937e-05	0.0702579	0.618084	0.533338	0.050185	0.0321053	2.38379e-05	0.00435147	0.0276023	0.736876	N/A	0.506385	0.0569511	0.529734	0.545608	0.535465	0.564578	0.566989	0.640016	0.15198	0.754401	0.568929	0.593557	0.59997
7670at7041	0.541838	0.541838	0.554667	0.0182222	0.535827	0.572473	0.000278846	0.523343	0.50695	0.00348711	0.592456	0.571531	0.571531	0.585954	0.585954	N/A	0.501608	0.528193	0.50617	0.509662	0.507414	0.514039	0.514613	0.534207	0.560865	0.579508	0.518739	0.5263	0.528359
7683at7041	0.541838	0.541838	0.554667	0.567851	4.17308e-06	0.572473	0.523343	0.523343	0.50695	0.50695	0.136323	0.571531	0.571531	0.585954	0.585954	N/A	0.501608	0.528193	0.50617	0.509662	0.507414	0.514039	0.514613	0.0173854	0.560865	0.579508	0.518739	0.5263	0.528359
7706at7041	0.5785	0.117826	0.000925676	0.00737531	0.596518	0.111593	0.0983571	0.565289	0.0104605	0.52042	0.0183685	0.000528144	0.00203571	0.0156387	6.90257e-08	N/A	0.5048	0.577714	0.518171	0.528158	0.521753	0.540379	0.0630981	0.592603	0.652111	0.687947	0.55314	0.572908	0.578131
7710at7041	0.610696	0.0638525	0.639181	0.567851	0.101823	0.0749732	0.0676096	0.545064	0.513756	0.513756	0.592456	0.105917	0.571531	0.650423	0.0894601	N/A	0.503208	0.554025	0.512226	0.519045	0.514664	0.0141363	0.541956	0.564945	0.610853	0.640587	0.0546523	0.5263	0.554328
7712at7041	3.40057e-20	0.0623001	0.554667	0.535827	0.535827	0.572473	0.523343	0.523343	0.50695	0.50695	0.592456	0.571531	0.571531	0.585954	0.585954	N/A	0.501608	0.528193	0.50617	0.509662	0.507414	0.514039	0.514613	0.534207	0.560865	0.579508	0.518739	0.5263	0.528359
7735at7041	0.541838	0.541838	0.554667	0.535827	0.535827	0.0374408	0.523343	0.000278846	0.50695	0.50695	0.592456	0.105917	0.0369402	0.585954	0.585954	N/A	0.501608	0.528193	0.50617	0.509662	0.507414	0.514039	0.514613	0.534207	0.560865	0.579508	0.518739	0.5263	0.528359
7754at7041	0.000912192	0.541838	0.554667	0.000664983	0.535827	0.572473	0.523343	0.523343	0.50695	0.50695	0.592456	0.571531	2.54624e-12	0.0446375	0.585954	N/A	0.501608	0.528193	0.50617	0.509662	0.507414	0.514039	0.514613	0.534207	0.560865	0.579508	0.518739	0.5263	0.528359
7783at7041	0.541838	0.541838	0.0280358	0.535827	0.0182222	0.572473	0.523343	0.523343	0.50695	0.50695	0.592456	0.571531	0.571531	0.585954	2.92921e-06	N/A	0.501608	0.528193	0.50617	0.509662	0.507414	0.514039	0.514613	0.534207	0.560865	0.579508	0.518739	0.5263	0.528359
7793at7041	0.541838	0.541838	0.554667	0.535827	2.42672e-05	0.572473	0.000278846	0.523343	0.50695	0.50695	0.592456	0.571531	0.571531	0.585954	0.0446375	N/A	0.501608	0.528193	0.50617	0.509662	0.507414	0.514039	0.514613	0.534207	0.560865	0.579508	0.518739	0.5263	0.528359
7805at7041	0.0426835	0.117826	0.15098	0.567851	0.101823	0.629592	0.523343	0.523343	0.50695	0.50695	0.660118	0.192536	0.628099	0.650423	0.226315	N/A	0.503208	0.554025	0.512226	0.519045	0.514664	0.52749	0.528588	0.564945	0.166515	0.211416	0.53643	0.550543	0.554328
7867at7041	0.5785	0.117826	0.60054	0.567851	0.101823	0.194791	0.545064	0.0676096	0.513756	0.000120931	0.241028	0.628099	0.192536	0.650423	0.226315	N/A	0.503208	0.554025	0.512226	0.519045	0.514664	0.52749	0.528588	0.564945	0.610853	0.640587	0.53643	0.550543	0.554328
7915at7041	0.5785	0.00441025	0.554667	0.000664983	0.535827	0.572473	0.523343	0.523343	0.50695	0.50695	0.592456	0.105917	0.0369402	0.0446375	0.585954	N/A	0.501608	0.528193	0.50617	0.509662	0.507414	0.514039	0.00735884	0.534207	0.560865	0.579508	0.518739	0.5263	0.528359
7950at7041	0.16744	0.0638525	0.000925676	0.567851	0.567851	0.0749732	0.523343	0.523343	0.513756	0.00697424	0.592456	0.571531	0.0369402	0.585954	0.126906	N/A	0.501608	0.0142894	0.512226	0.519045	0.514664	0.0141363	0.541956	0.564945	0.166515	0.640587	0.518739	0.5263	0.528359
7964at7041	0.0846998	0.000235414	0.000143017	0.145793	0.596518	0.0045157	0.523343	0.523343	0.526947	0.526947	0.710309	0.192536	0.628099	0.0156387	0.699327	N/A	0.5048	0.577714	0.518171	0.0145605	0.528685	0.552734	0.554747	0.178541	0.00731726	0.122632	0.55314	0.109902	0.578131
8002at7041	8.01664e-05	0.0638525	0.0167662	0.596518	0.0023152	0.266757	0.565289	0.565289	0.52042	0.52042	9.14815e-11	0.32335	0.70933	0.650423	0.226315	N/A	0.5048	0.577714	0.518171	0.528158	0.521753	0.540379	0.541956	0.592603	0.652111	0.687947	0.0283506	0.593557	0.117827
8050at7041	0.5785	0.117826	0.60054	0.101823	0.567851	0.629592	0.523343	0.523343	0.513756	0.00697424	0.592456	0.105917	0.571531	0.585954	0.585954	N/A	0.501608	0.0142894	0.512226	0.519045	0.514664	0.52749	0.528588	0.564945	0.166515	0.640587	0.518739	0.5263	0.528359
8060at7041	0.0426835	0.5785	0.15098	0.567851	0.00323063	0.572473	0.523343	0.523343	0.50695	0.50695	0.592456	0.105917	0.571531	0.585954	0.0446375	N/A	0.501608	0.528193	0.50617	0.509662	0.00372065	0.52749	0.528588	0.564945	0.560865	0.579508	0.518739	0.5263	0.528359
8084at7041	0.541838	0.0213369	0.554667	0.535827	0.535827	0.572473	3.67552e-09	0.523343	0.50695	0.50695	0.592456	0.571531	0.571531	0.585954	0.585954	N/A	0.501608	0.528193	0.50617	0.509662	0.507414	0.514039	0.514613	0.534207	0.560865	0.579508	0.518739	0.5263	0.528359
8164at7041	0.000912192	0.541838	0.554667	0.535827	0.0182222	0.572473	0.523343	0.523343	0.50695	0.50695	0.592456	0.571531	0.571531	3.25453e-05	0.585954	N/A	0.501608	0.528193	0.50617	0.509662	0.507414	0.514039	0.514613	0.534207	0.560865	0.579508	0.518739	0.5263	0.528359
820at7041	0.541838	0.541838	0.554667	0.535827	0.535827	0.629592	0.523343	0.523343	0.513756	0.00697424	0.0965099	0.571531	0.571531	0.226315	0.000140171	N/A	0.503208	0.554025	0.512226	0.519045	0.0219958	0.514039	0.514613	0.534207	0.166515	0.640587	0.53643	0.0758327	0.554328
8245at7041	0.541838	0.541838	0.554667	0.535827	2.42672e-05	0.572473	0.523343	0.523343	0.0104132	0.50695	0.592456	0.571531	0.571531	0.585954	0.585954	N/A	0.501608	0.528193	0.50617	0.509662	0.507414	0.514039	0.514613	0.534207	0.560865	0.579508	0.518739	0.5263	0.528359
8282at7041	0.125022	0.686131	0.000524239	0.222263	0.0193393	0.326463	0.0348751	0.523343	0.526947	0.526947	0.322654	0.673159	0.673159	0.173633	0.736876	N/A	0.506385	0.599458	0.524006	0.537009	0.0148786	0.0352749	0.578708	0.640016	0.000816036	0.72504	0.104082	0.572908	0.59997
8294at7041	0.541838	0.541838	0.554667	0.535827	0.535827	0.572473	0.545064	0.545064	0.50695	0.50695	0.592456	0.571531	0.571531	0.585954	2.92921e-06	N/A	0.501608	0.528193	0.50617	0.509662	0.507414	0.514039	0.514613	0.534207	0.0312956	0.579508	0.518739	0.5263	0.528359
8320at7041	0.0213369	0.541838	0.554667	0.535827	0.0182222	0.572473	0.523343	0.523343	0.50695	0.00348711	0.592456	0.571531	0.571531	0.0446375	0.585954	N/A	0.501608	0.528193	0.50617	0.509662	0.507414	0.514039	0.514613	0.534207	0.560865	0.579508	0.518739	0.5263	0.528359
8334at7041	0.0426835	0.5785	0.60054	0.535827	0.0182222	0.572473	0.0348751	0.523343	0.50695	0.50695	0.00467713	0.571531	0.571531	0.0446375	0.585954	N/A	0.501608	0.528193	0.50617	0.509662	0.507414	0.00706811	0.528588	0.534207	0.560865	0.579508	0.518739	0.5263	0.528359
8557at7041	0.541838	0.0213369	0.554667	0.0182222	0.535827	0.572473	0.523343	0.523343	0.50695	0.00348711	0.592456	0.571531	0.00274431	0.0446375	0.585954	N/A	0.501608	0.528193	0.50617	0.509662	0.507414	0.514039	0.514613	0.534207	0.560865	0.579508	0.518739	0.5263	0.528359
8561at7041	0.5785	0.5785	0.60054	0.567851	1.8229e-07	0.629592	0.545064	0.545064	0.513756	0.513756	0.660118	0.628099	0.0739673	0.650423	0.0894601	N/A	0.503208	0.554025	0.512226	0.519045	0.514664	0.52749	0.528588	0.564945	0.610853	0.640587	0.53643	0.550543	0.554328
858at7041	0.0213369	0.541838	0.554667	0.000664983	0.535827	0.572473	0.523343	0.523343	0.50695	0.50695	0.592456	0.105917	0.0369402	0.585954	0.585954	N/A	0.501608	0.528193	0.50617	0.509662	0.507414	0.514039	0.514613	0.534207	0.560865	0.579508	0.518739	0.5263	0.528359
8682at7041	0.541838	0.541838	0.60054	0.535827	0.535827	0.0133013	0.545064	0.545064	0.00697424	0.513756	0.592456	0.571531	0.571531	0.585954	0.585954	N/A	0.501608	0.0142894	0.512226	0.519045	0.514664	0.52749	0.0428846	0.0974584	0.610853	0.640587	0.518739	0.5263	0.528359
8694at7041	0.000146143	0.5785	0.60054	0.535827	0.535827	0.0749732	0.523343	0.523343	0.513756	0.513756	0.592456	0.571531	0.571531	0.650423	0.0187504	N/A	0.503208	0.554025	0.512226	0.519045	0.514664	0.52749	0.528588	0.0974584	0.166515	0.640587	0.0546523	0.5263	0.554328
8749at7041	0.0846998	0.211884	0.263396	0.0724747	0.185797	0.326463	0.584131	0.584131	0.52042	0.52042	0.186521	0.263959	0.673159	0.368525	0.000169391	N/A	0.506385	0.599458	0.524006	0.537009	0.528685	0.552734	0.554747	0.617526	0.686344	0.348978	0.568929	0.141679	0.59997
8779at7041	0.541838	0.541838	0.60054	0.596518	0.596518	0.194791	0.0676096	0.545064	0.513756	0.0206342	0.241028	0.192536	0.628099	0.650423	0.226315	N/A	0.503208	0.554025	0.512226	0.519045	0.514664	0.52749	0.0428846	0.0347752	0.610853	0.640587	0.53643	0.550543	0.554328
8788at7041	0.752508	0.0789823	0.414589	0.701672	0.701672	0.454565	0.0702579	0.180044	0.513756	0.513756	0.387259	0.00139483	0.70933	0.46259	9.01113e-06	N/A	0.509531	0.637811	0.535357	0.0290823	0.0260105	0.597278	0.00865215	0.695422	0.738871	0.000700772	0.00274544	0.593557	0.63846
8912at7041	0.541838	0.0623001	0.554667	0.535827	0.535827	0.0374408	0.523343	0.0118045	0.00348711	0.50695	0.592456	0.571531	0.571531	0.585954	0.585954	N/A	0.501608	0.528193	0.50617	0.509662	0.507414	0.514039	0.514613	0.534207	0.560865	0.579508	0.518739	0.5263	0.528359
9001at7041	0.541838	0.541838	0.554667	0.596518	0.0545651	0.629592	0.523343	0.523343	0.513756	0.513756	0.660118	0.105917	0.571531	0.226315	0.650423	N/A	0.503208	0.554025	0.512226	0.519045	0.514664	0.0412373	0.514613	0.0347752	0.166515	0.640587	0.53643	0.0758327	0.554328
9036at7041	0.639032	0.000235414	0.00202021	0.185797	0.622221	0.326463	0.0018	0.000169	0.52042	0.52042	0.748089	0.1448	0.0188163	0.064173	0.368525	N/A	0.506385	0.599458	0.524006	0.537009	0.528685	0.552734	0.554747	0.617526	0.686344	0.348978	0.568929	0.593557	0.59997
9076at7041	0.541838	0.541838	0.554667	0.535827	0.0182222	0.0374408	0.0118045	0.523343	0.50695	0.50695	0.592456	0.105917	0.571531	0.0446375	0.585954	N/A	0.501608	0.528193	0.50617	0.509662	0.507414	0.514039	0.514613	0.534207	0.560865	0.579508	0.518739	0.5263	0.528359
9114at7041	0.541838	0.541838	1.57872e-08	0.535827	0.535827	0.572473	0.523343	0.0348751	0.50695	0.50695	0.0965099	0.571531	0.571531	0.650423	0.0187504	N/A	0.503208	0.0810597	0.50617	0.509662	0.507414	0.514039	0.514613	0.534207	0.560865	0.579508	0.53643	0.0758327	0.554328
9117at7041	0.00998214	0.16744	0.0837712	0.535827	0.0534078	0.674947	0.545064	0.0676096	0.54573	0.0016083	0.143	0.571531	0.571531	0.305169	9.75301e-20	N/A	0.5048	0.577714	0.518171	0.528158	0.521753	0.540379	0.541956	0.00209627	0.231188	0.000268819	0.55314	0.00119652	0.578131
9131at7041	0.5785	0.5785	0.554667	0.0182222	0.535827	0.572473	0.523343	0.523343	0.50695	0.50695	0.592456	0.571531	0.571531	0.650423	1.50416e-05	N/A	0.501608	0.528193	0.50617	0.509662	0.507414	0.514039	0.00735884	0.534207	0.560865	0.579508	0.518739	0.5263	0.0143744
918at7041	0.00441025	0.5785	0.0561004	0.00323063	0.567851	0.194791	0.00136836	0.545064	0.0206342	0.513756	0.241028	0.00409085	0.628099	0.0894601	0.226315	N/A	0.503208	0.554025	0.512226	0.519045	0.514664	0.52749	0.528588	0.564945	0.610853	0.640587	0.53643	0.550543	0.554328
9310at7041	0.541838	0.541838	0.554667	0.535827	2.42672e-05	0.572473	0.523343	0.523343	0.50695	0.50695	0.592456	0.105917	0.571531	0.650423	0.0894601	N/A	0.501608	0.528193	0.50617	0.509662	0.507414	0.514039	0.514613	0.534207	0.560865	0.579508	0.518739	0.5263	0.0143744
9326at7041	0.117826	0.0426835	0.0561004	0.0182222	0.535827	0.572473	0.523343	0.523343	0.50695	0.50695	0.592456	0.571531	0.571531	0.650423	0.0187504	N/A	0.501608	0.528193	0.50617	0.509662	0.507414	0.00706811	0.528588	0.534207	0.560865	0.579508	0.518739	0.5263	0.0143744
9372at7041	0.639032	0.211884	0.0283449	0.185797	0.622221	0.711249	0.565289	0.565289	0.0104605	0.52042	0.0183685	0.0104325	0.673159	0.699327	0.305169	N/A	0.5048	0.577714	0.518171	0.0145605	0.528685	0.552734	0.554747	0.617526	0.652111	0.687947	0.55314	0.572908	0.578131
9374at7041	0.000146143	0.5785	0.0561004	0.0364496	0.567851	0.629592	0.545064	0.545064	0.513756	0.513756	0.660118	0.192536	0.0129558	0.0187504	0.650423	N/A	0.503208	0.554025	0.512226	0.519045	0.514664	0.52749	0.528588	0.564945	0.610853	0.640587	0.53643	0.550543	0.554328
9418at7041	0.211884	0.0172014	0.263396	0.0724747	0.622221	2.94149e-17	0.0018	0.0056317	0.513756	0.513756	9.14815e-11	0.0188163	0.70933	0.650423	0.226315	N/A	0.506385	0.599458	0.524006	0.537009	0.528685	0.552734	0.554747	0.617526	0.686344	0.0234686	0.568929	0.593557	0.00269983
9466at7041	0.2518	0.105116	0.0415874	0.535827	0.535827	0.00145668	3.56616e-05	0.633381	0.526947	0.0139452	8.15217e-05	0.0188163	0.1448	0.766083	0.21165	N/A	0.506385	0.599458	0.524006	0.537009	0.528685	0.0282459	0.566989	0.0001212	0.00274828	0.72504	0.568929	0.593557	0.0572878
9592at7041	0.541838	0.541838	0.001577	0.0182222	0.535827	0.107292	0.523343	0.523343	0.52042	0.52042	0.592456	0.571531	0.571531	0.650423	0.0187504	N/A	0.501608	0.528193	0.50617	0.509662	0.507414	0.514039	0.514613	0.534207	0.560865	0.00341655	0.518739	0.5263	0.0143744
9595at7041	0.0213369	0.541838	0.554667	0.535827	0.0182222	0.572473	0.523343	0.523343	0.50695	0.00348711	0.592456	0.571531	0.00274431	0.585954	0.585954	N/A	0.501608	0.528193	0.50617	0.509662	0.507414	0.514039	0.514613	0.534207	0.560865	0.579508	0.518739	0.5263	0.528359
9602at7041	0.610696	0.0638525	0.15098	0.567851	9.18246e-05	0.629592	0.523343	0.523343	0.513756	0.513756	0.592456	0.105917	0.571531	0.650423	0.226315	N/A	0.503208	0.554025	0.512226	0.519045	0.514664	0.52749	0.0147178	0.564945	0.166515	0.640587	0.0546523	0.5263	0.554328
9617at7041	0.000146143	0.117826	0.60054	0.535827	0.535827	0.572473	0.523343	0.0348751	0.50695	0.50695	0.592456	0.571531	0.571531	0.650423	0.650423	N/A	0.501608	0.528193	0.50617	0.509662	0.507414	0.00706811	0.528588	0.534207	0.560865	0.579508	0.518739	0.5263	0.0143744
9707at7041	0.541838	0.541838	0.554667	0.535827	0.000664983	0.572473	0.523343	0.523343	0.50695	0.50695	0.592456	0.105917	0.00274431	0.585954	0.585954	N/A	0.501608	0.528193	0.50617	0.509662	0.507414	0.514039	0.514613	0.534207	0.560865	0.579508	0.518739	0.5263	0.528359
9830at7041	0.664028	0.105116	0.136843	0.0267212	0.666069	0.740551	0.545064	0.545064	0.533338	0.050185	0.226635	0.192536	0.628099	0.80752	1.56673e-11	N/A	0.507962	0.619437	0.529734	0.545608	0.535465	0.564578	0.566989	0.0860455	0.00168238	0.754401	0.583853	0.000115834	0.0125032
9845at7041	0.0789823	0.400538	9.4386e-09	0.0177334	1.97293e-05	0.376434	0.545064	0.545064	0.526947	0.0139452	0.710309	0.0104325	0.0280805	0.132764	0.00101083	N/A	0.5048	0.0428172	0.524006	0.0194081	1.09119e-05	0.00802599	0.620834	0.695422	0.0134098	0.72504	0.55314	0.572908	0.578131
9883at7041	0.16744	0.610696	0.0837712	0.596518	0.0023152	0.674947	0.523343	0.523343	0.00697424	0.0206342	0.660118	0.628099	0.192536	0.0894601	0.226315	N/A	0.503208	0.554025	0.512226	0.00970847	0.521753	0.540379	0.541956	0.592603	0.166515	0.640587	0.53643	0.550543	0.554328
993at7041	0.541838	0.541838	0.554667	0.101823	0.0364496	0.0133013	0.545064	0.545064	0.513756	0.513756	0.0965099	0.00409085	0.0129558	0.650423	0.226315	N/A	0.503208	0.554025	0.512226	0.519045	0.514664	0.0412373	0.514613	0.564945	0.610853	0.640587	0.53643	0.550543	0.554328
9940at7041	0.541838	0.541838	0.554667	0.535827	0.535827	0.572473	0.545064	0.545064	0.50695	0.50695	0.592456	0.571531	1.12521e-06	0.585954	0.126906	N/A	0.501608	0.528193	0.50617	0.509662	0.507414	0.514039	0.514613	0.534207	0.0312956	0.579508	0.518739	0.5263	0.528359
9958at7041	0.541838	0.541838	0.0812102	0.101823	0.567851	0.629592	0.545064	0.545064	0.0206342	0.513756	0.660118	0.628099	0.0739673	0.650423	0.0187504	N/A	0.503208	0.554025	0.512226	0.519045	0.514664	0.0412373	0.514613	0.564945	0.610853	0.640587	0.53643	0.550543	0.554328
9966at7041	0.000912192	0.541838	0.554667	0.0182222	0.0534078	0.572473	0.523343	0.523343	0.50695	0.50695	0.660118	0.192536	0.628099	0.226315	0.650423	N/A	0.503208	0.0810597	0.50617	0.509662	0.507414	0.514039	0.514613	0.534207	0.560865	0.579508	0.53643	0.550543	0.554328
9970at7041	0.541838	0.0213369	0.0280358	0.535827	0.535827	0.0374408	0.523343	0.0118045	0.50695	0.50695	0.592456	0.105917	0.571531	0.585954	0.585954	N/A	0.501608	0.528193	0.50617	0.509662	0.507414	0.514039	0.514613	0.534207	0.560865	0.579508	0.518739	0.5263	0.528359
